county_id,precinct_abbrv,dem_reg,rep_reg,unaff_reg,other_reg,total_reg,dem_share_2p_reg,rep_share_2p_reg,unaff_share_all,other_share_all
1,01,450,1879,1125,19,3473,0.19321597252039502,0.806784027479605,0.32392744025338327,0.005470774546501584
1,02,436,1970,1185,16,3607,0.18121363258520365,0.8187863674147964,0.32852786248960353,0.004435819240365955
1,035,1185,1337,1520,30,4072,0.4698651863600317,0.5301348136399683,0.37328094302554027,0.0073673870333988214
1,03C,523,879,796,15,2213,0.3730385164051355,0.6269614835948645,0.359692724807953,0.006778129236330773
1,03N,912,966,1084,16,2978,0.48562300319488816,0.5143769968051118,0.36400268636668903,0.005372733378106112
1,03N2,256,178,279,1,714,0.5898617511520737,0.41013824884792627,0.3907563025210084,0.0014005602240896359
1,03SE,1085,991,1275,14,3365,0.5226396917148363,0.4773603082851638,0.3789004457652303,0.004160475482912333
1,03SM,990,1022,1487,19,3518,0.49204771371769385,0.5079522862823062,0.42268334280841385,0.005400795906765207
1,03W,705,1029,1054,16,2804,0.40657439446366783,0.5934256055363322,0.37589158345221113,0.005706134094151213
1,04,635,2006,1142,16,3799,0.24043922756531616,0.7595607724346838,0.30060542247959987,0.0042116346406949196
1,05,353,1355,792,13,2513,0.2066744730679157,0.7933255269320844,0.31516116195781935,0.005173099880620772
1,063,942,443,754,6,2145,0.68014440433213,0.31985559566787003,0.3515151515151515,0.002797202797202797
1,064,1239,1615,1699,18,4571,0.43412754029432377,0.5658724597056762,0.3716910960402538,0.003937869175235178
1,06E,691,563,739,10,2003,0.55103668261563,0.44896331738437,0.3689465801298053,0.004992511233150275
1,06N,876,393,707,15,1991,0.6903073286052009,0.30969267139479906,0.35509794073329987,0.007533902561526871
1,06S,1013,1059,1209,16,3297,0.4888996138996139,0.5111003861003861,0.3666969972702457,0.004852896572641796
1,06W,315,247,361,4,927,0.5604982206405694,0.4395017793594306,0.389428263214671,0.004314994606256742
1,07,458,1533,1013,14,3018,0.2300351582119538,0.7699648417880463,0.33565275016567264,0.004638833664678595
1,08N,625,1107,1018,22,2772,0.3608545034642032,0.6391454965357968,0.36724386724386726,0.007936507936507936
1,08S,278,668,489,4,1439,0.2938689217758985,0.7061310782241015,0.33981931897150797,0.002779708130646282
1,09N,760,758,863,10,2391,0.5006587615283268,0.4993412384716733,0.36093684650773733,0.004182350480970306
1,09S,1188,1646,1696,27,4557,0.4191954834156669,0.5808045165843331,0.37217467632214174,0.005924950625411455
1,103,1217,1381,1727,26,4351,0.46843725943033104,0.531562740569669,0.3969202482188003,0.0059756377844173755
1,104,719,422,779,7,1927,0.6301489921121823,0.3698510078878177,0.40425531914893614,0.0036325895173845357
1,10N,872,1151,1248,17,3288,0.4310430054374691,0.5689569945625309,0.3795620437956204,0.005170316301703163
1,10S1,1894,1339,2103,29,5365,0.5858335910918652,0.4141664089081349,0.3919850885368127,0.005405405405405406
1,11,1179,1073,1030,16,3298,0.5235346358792184,0.47646536412078155,0.312310491206792,0.004851425106124924
1,1210,520,433,567,7,1527,0.5456453305351522,0.45435466946484787,0.3713163064833006,0.0045841519318926
1,124,504,468,571,10,1553,0.5185185185185185,0.48148148148148145,0.3676754668383773,0.00643915003219575
1,125,479,615,640,8,1742,0.43784277879341865,0.5621572212065814,0.36739380022962115,0.004592422502870264
1,126,406,643,618,4,1671,0.38703527168732127,0.6129647283126788,0.36983842010771995,0.0023937761819269898
1,127,1797,602,1199,20,3618,0.7490621092121718,0.25093789078782824,0.3313985627418463,0.00552791597567717
1,128,645,258,601,15,1519,0.7142857142857143,0.2857142857142857,0.3956550362080316,0.009874917709019092
1,129,368,675,561,12,1616,0.35282837967401726,0.6471716203259827,0.34715346534653463,0.007425742574257425
1,12E,559,238,465,5,1267,0.7013801756587202,0.2986198243412798,0.367008681925809,0.003946329913180742
1,12N,1612,279,825,11,2727,0.8524590163934426,0.14754098360655737,0.3025302530253025,0.004033736707004034
1,12S,392,199,380,2,973,0.6632825719120136,0.33671742808798644,0.39054470709146966,0.0020554984583761563
1,12W,592,450,645,8,1695,0.5681381957773513,0.43186180422264875,0.3805309734513274,0.00471976401179941
1,13,1307,904,1114,13,3338,0.5911352329262777,0.4088647670737223,0.33373277411623725,0.0038945476333133613
10,CB01,472,929,812,17,2230,0.3369022127052106,0.6630977872947894,0.36412556053811657,0.007623318385650224
10,CB02,1071,2797,2538,38,6444,0.27688728024819026,0.7231127197518097,0.39385474860335196,0.005896958410924891
10,CB03,424,1225,1001,17,2667,0.25712553062462096,0.742874469375379,0.3753280839895013,0.006374203224596925
10,CB04,585,1925,1495,22,4027,0.23306772908366533,0.7669322709163346,0.37124410230941146,0.005463123913583313
10,CB05,567,1638,1348,13,3566,0.2571428571428571,0.7428571428571429,0.37801458216489064,0.0036455412226584407
10,CB06,1115,3186,2816,36,7153,0.2592420367356429,0.7407579632643572,0.393680973018314,0.005032853348245492
10,NB01,636,713,692,9,2050,0.4714603409933284,0.5285396590066717,0.3375609756097561,0.004390243902439025
10,NB02,2002,3043,3445,45,8535,0.39682854311199206,0.6031714568880079,0.4036321031048623,0.005272407732864675
10,NB03,1029,2336,2160,41,5566,0.3057949479940565,0.6942050520059435,0.3880704275961193,0.0073661516349263385
10,NB04,1402,2317,2761,28,6508,0.3769830599623555,0.6230169400376445,0.4242470805162876,0.0043023970497848806
10,NB05,1014,947,1324,28,3313,0.5170831208567057,0.48291687914329423,0.39963779052218534,0.008451554482342288
10,NB06,1432,2329,2835,19,6615,0.38074980058495084,0.6192501994150492,0.42857142857142855,0.002872260015117158
10,NB07,1926,3136,3678,74,8814,0.38048202291584354,0.6195179770841565,0.4172906739278421,0.008395734059450873
10,SB01,609,1057,898,18,2582,0.36554621848739494,0.634453781512605,0.34779240898528274,0.006971340046475601
10,SB02,672,2338,2111,36,5157,0.22325581395348837,0.7767441860465116,0.40934651929416327,0.006980802792321117
10,SB03,1427,3723,3619,25,8794,0.2770873786407767,0.7229126213592233,0.41153058903798045,0.002842847395951785
10,SB04,705,1440,1362,14,3521,0.32867132867132864,0.6713286713286714,0.3868219255893212,0.003976143141153081
10,SB05,670,1352,1243,12,3277,0.3313550939663699,0.66864490603363,0.3793103448275862,0.00366188587122368
10,SB06,525,1452,1327,17,3321,0.26555386949924126,0.7344461305007587,0.39957844022884675,0.005118940078289671
10,SB07,515,1380,1230,21,3146,0.2717678100263852,0.7282321899736148,0.39097266369993644,0.006675143038779402
10,SB08,346,879,814,6,2045,0.28244897959183674,0.7175510204081633,0.3980440097799511,0.00293398533007335
10,WB01,273,916,639,5,1833,0.22960470984020184,0.7703952901597981,0.3486088379705401,0.002727768685215494
10,WB02,1185,3437,2576,14,7212,0.25638251839030723,0.7436174816096928,0.35718247365501943,0.0019412090959511925
10,WB03,344,572,529,4,1449,0.37554585152838427,0.6244541484716157,0.36507936507936506,0.0027605244996549345
10,WB04,1230,3418,2699,21,7368,0.2646299483648881,0.7353700516351118,0.36631378935939196,0.0028501628664495114
10,WB05,807,2154,1920,21,4902,0.2725430597771023,0.7274569402228976,0.39167686658506734,0.004283965728274173
10,WB06,1084,3568,2701,21,7374,0.23301805674978504,0.766981943250215,0.3662869541632764,0.0028478437754271765
100,01 BUR,715,969,1032,17,2733,0.4245843230403801,0.5754156769596199,0.37760702524698136,0.0062202707647274055
100,02 CAN,262,480,508,11,1261,0.353099730458221,0.6469002695417789,0.4028548770816812,0.008723235527359239
100,03 EGY,103,181,210,5,499,0.3626760563380282,0.6373239436619719,0.42084168336673344,0.01002004008016032
100,04 RAM,52,137,104,1,294,0.2751322751322751,0.7248677248677249,0.35374149659863946,0.003401360544217687
100,05 GRE,89,191,131,3,414,0.31785714285714284,0.6821428571428572,0.3164251207729469,0.007246376811594203
100,06 JAC,345,467,524,5,1341,0.4248768472906404,0.5751231527093597,0.3907531692766592,0.0037285607755406414
100,07 BRU,84,153,165,1,403,0.35443037974683544,0.6455696202531646,0.4094292803970223,0.0024813895781637717
100,08 CRA,473,963,761,8,2205,0.3293871866295265,0.6706128133704735,0.34512471655328797,0.0036281179138321997
100,09 SOU,483,621,629,8,1741,0.4375,0.5625,0.36128661688684666,0.004595060310166571
100,10 PEN,90,209,191,4,494,0.3010033444816054,0.6989966555183946,0.3866396761133603,0.008097165991902834
100,11 PRI,182,530,384,7,1103,0.2556179775280899,0.7443820224719101,0.34814143245693563,0.006346328195829556
11,,13,22,43,1,79,0.37142857142857144,0.6285714285714286,0.5443037974683544,0.012658227848101266
11,01.1,875,111,845,18,1849,0.8874239350912779,0.11257606490872211,0.4570037858301785,0.009734991887506761
11,02.1,1425,90,1254,18,2787,0.9405940594059405,0.0594059405940594,0.44994617868675996,0.006458557588805167
11,03.1,988,81,874,14,1957,0.9242282507015903,0.07577174929840973,0.44660194174757284,0.007153806847215125
11,04.1,644,80,578,7,1309,0.8895027624309392,0.11049723756906077,0.44155844155844154,0.0053475935828877
11,05.1,1108,251,1137,14,2510,0.8153053715967623,0.18469462840323767,0.45298804780876495,0.005577689243027889
11,06.1,611,145,557,3,1316,0.8082010582010583,0.1917989417989418,0.42325227963525835,0.0022796352583586625
11,07.1,866,101,767,6,1740,0.8955532574974147,0.10444674250258532,0.44080459770114944,0.0034482758620689655
11,08.2,1048,254,975,16,2293,0.804915514592934,0.19508448540706605,0.425207152202355,0.006977758395115569
11,08.3,1017,319,975,22,2333,0.7612275449101796,0.23877245508982037,0.41791684526360906,0.009429918559794257
11,09.1,1444,381,1566,27,3418,0.7912328767123288,0.20876712328767122,0.45816266822703333,0.007899356348741955
11,10.1,802,79,514,9,1404,0.9103291713961408,0.08967082860385925,0.3660968660968661,0.00641025641025641
11,11.1,775,151,1107,36,2069,0.8369330453563715,0.1630669546436285,0.5350410826486225,0.017399710004833254
11,12.1,1087,94,1045,21,2247,0.9204064352243861,0.07959356477561388,0.4650645304850912,0.009345794392523364
11,13.1,980,123,963,20,2086,0.8884859474161378,0.1115140525838622,0.46164908916586767,0.009587727708533078
11,14.2,982,185,1016,12,2195,0.8414738646101114,0.1585261353898886,0.46287015945330295,0.005466970387243736
11,14.3,394,137,477,12,1020,0.7419962335216572,0.2580037664783427,0.4676470588235294,0.011764705882352941
11,15.1,1003,143,892,17,2055,0.87521815008726,0.12478184991273997,0.4340632603406326,0.00827250608272506
11,16.2,1312,200,1252,27,2791,0.8677248677248677,0.13227513227513227,0.4485847366535292,0.009673951988534575
11,17.1,642,101,652,10,1405,0.8640646029609691,0.13593539703903096,0.46405693950177934,0.0071174377224199285
11,18.2,1556,897,2235,30,4718,0.6343253159396657,0.36567468406033427,0.4737176769817719,0.00635862653666808
11,19.1,518,218,638,18,1392,0.7038043478260869,0.296195652173913,0.4583333333333333,0.01293103448275862
11,20.1,431,75,468,7,981,0.8517786561264822,0.1482213438735178,0.47706422018348627,0.007135575942915392
11,21.1,1025,331,1070,15,2441,0.7558997050147492,0.24410029498525074,0.4383449405981155,0.0061450225317492835
11,22.2,1018,239,954,8,2219,0.8098647573587908,0.19013524264120923,0.4299233889139252,0.003605227579990987
11,23.2,277,90,287,5,659,0.7547683923705722,0.2452316076294278,0.4355083459787557,0.007587253414264037
11,23.3,347,110,350,2,809,0.7592997811816192,0.24070021881838075,0.4326328800988875,0.002472187886279357
11,24.1,767,467,1041,15,2290,0.6215559157212318,0.37844408427876824,0.45458515283842793,0.006550218340611353
11,25.1,841,264,978,20,2103,0.7610859728506787,0.23891402714932128,0.46504992867332384,0.009510223490252021
11,26.1,741,181,841,27,1790,0.8036876355748374,0.1963123644251627,0.46983240223463685,0.015083798882681564
11,27.2,309,77,375,2,763,0.8005181347150259,0.19948186528497408,0.49148099606815204,0.002621231979030144
11,28.1,874,86,904,19,1883,0.9104166666666667,0.08958333333333333,0.4800849707912905,0.01009028146574615
11,29.2,1136,469,1308,14,2927,0.7077881619937695,0.2922118380062305,0.446873932353946,0.004783054321831227
11,30.2,795,815,1439,25,3074,0.4937888198757764,0.5062111801242236,0.4681197137280416,0.008132726089785295
11,30.3,851,912,1538,24,3325,0.4826999432785026,0.5173000567214975,0.4625563909774436,0.007218045112781955
11,31.1,331,367,524,4,1226,0.47421203438395415,0.5257879656160458,0.4274061990212072,0.0032626427406199023
11,32.1,585,553,892,14,2044,0.5140597539543058,0.4859402460456942,0.436399217221135,0.00684931506849315
11,33.2,443,294,578,8,1323,0.6010854816824966,0.3989145183175034,0.436885865457294,0.006046863189720333
11,33.3,583,422,783,22,1810,0.5800995024875621,0.4199004975124378,0.4325966850828729,0.012154696132596685
11,34.1,387,199,478,12,1076,0.6604095563139932,0.3395904436860068,0.44423791821561337,0.011152416356877323
11,35.1,734,288,692,8,1722,0.7181996086105675,0.28180039138943247,0.40185830429732866,0.004645760743321719
11,36.1,490,494,821,13,1818,0.49796747967479676,0.5020325203252033,0.4515951595159516,0.007150715071507151
11,37.1,305,436,645,11,1397,0.4116059379217274,0.5883940620782726,0.4617036506800286,0.007874015748031496
11,38.2,368,684,798,9,1859,0.34980988593155893,0.6501901140684411,0.42926304464766,0.004841312533620226
11,38.3,721,1032,1370,20,3143,0.4112949229891614,0.5887050770108385,0.43588927776010183,0.006363347120585428
11,39.2,419,410,731,12,1572,0.5054282267792521,0.4945717732207479,0.46501272264631044,0.007633587786259542
11,39.3,703,687,1226,23,2639,0.5057553956834533,0.49424460431654677,0.4645699128457749,0.008715422508525956
11,40.2,832,1211,1559,22,3624,0.40724424865394027,0.5927557513460597,0.4301876379690949,0.006070640176600441
11,41.1,710,1076,1305,21,3112,0.3975363941769317,0.6024636058230683,0.4193444730077121,0.006748071979434447
11,42.1,608,446,868,21,1943,0.5768500948766604,0.42314990512333966,0.4467318579516212,0.01080802882141019
11,43.2,495,292,719,13,1519,0.6289707750952986,0.3710292249047014,0.47333772218564846,0.008558262014483212
11,44.1,1671,1389,2625,38,5723,0.546078431372549,0.453921568627451,0.4586755198322558,0.006639874191857418
11,45.1,1244,1084,1879,34,4241,0.5343642611683849,0.46563573883161513,0.4430558830464513,0.00801697712803584
11,46.1,445,317,596,5,1363,0.583989501312336,0.41601049868766404,0.4372707263389582,0.003668378576669112
11,47.1,807,1410,1634,32,3883,0.36400541271989173,0.6359945872801083,0.42080865310327065,0.008241050733968582
11,48.1,885,1167,1503,21,3576,0.43128654970760233,0.5687134502923976,0.4203020134228188,0.00587248322147651
11,49.1,819,1359,1682,32,3892,0.3760330578512397,0.6239669421487604,0.43216855087358685,0.008221993833504625
11,50.1,377,420,547,11,1355,0.4730238393977415,0.5269761606022585,0.40369003690036903,0.008118081180811807
11,51.2,475,609,824,15,1923,0.4381918819188192,0.5618081180811808,0.4284971398855954,0.0078003120124804995
11,52.1,782,1412,1635,26,3855,0.35642661804922515,0.6435733819507748,0.42412451361867703,0.006744487678339819
11,53.1,608,1062,1270,16,2956,0.36407185628742517,0.6359281437125749,0.42963464140730717,0.005412719891745603
11,54.2,1250,890,1873,26,4039,0.5841121495327103,0.4158878504672897,0.46372864570438227,0.006437236939836593
11,55.1,749,811,1350,17,2927,0.48012820512820514,0.5198717948717949,0.4612230953194397,0.0058079945336522035
11,56.2,583,379,891,19,1872,0.606029106029106,0.39397089397089397,0.47596153846153844,0.01014957264957265
11,57.1,710,773,1304,11,2798,0.4787592717464599,0.5212407282535402,0.4660471765546819,0.003931379556826304
11,58.1,775,565,1168,14,2522,0.5783582089552238,0.4216417910447761,0.4631245043616178,0.0055511498810467885
11,59.1,1228,865,1690,22,3805,0.5867176301958911,0.41328236980410893,0.44415243101182655,0.005781865965834429
11,60.2,404,182,566,10,1162,0.689419795221843,0.310580204778157,0.48709122203098104,0.008605851979345954
11,60.4,581,308,762,9,1660,0.6535433070866141,0.3464566929133858,0.45903614457831327,0.005421686746987952
11,61.1,764,522,983,15,2284,0.5940902021772939,0.4059097978227061,0.43038528896672507,0.006567425569176883
11,62.1,840,465,983,15,2303,0.6436781609195402,0.3563218390804598,0.42683456361267913,0.006513243595310464
11,63.1,130,186,250,6,572,0.41139240506329117,0.5886075949367089,0.4370629370629371,0.01048951048951049
11,64.1,477,515,800,13,1805,0.4808467741935484,0.5191532258064516,0.44321329639889195,0.007202216066481994
11,65.1,952,646,1159,14,2771,0.5957446808510638,0.40425531914893614,0.41826055575604476,0.005052327679538073
11,66.1,549,341,673,15,1578,0.6168539325842697,0.3831460674157303,0.426489226869455,0.009505703422053232
11,67.1,901,422,1043,10,2376,0.6810279667422524,0.31897203325774753,0.43897306397306396,0.004208754208754209
11,68.1,1098,1177,1803,28,4106,0.4826373626373626,0.5173626373626373,0.4391134924500731,0.006819288845591817
11,681,70,148,142,3,363,0.3211009174311927,0.6788990825688074,0.39118457300275483,0.008264462809917356
11,69.1,907,752,1328,16,3003,0.5467148884870404,0.45328511151295964,0.44222444222444224,0.005328005328005328
11,70.1,1082,499,1301,24,2906,0.6843769765970904,0.31562302340290954,0.44769442532690984,0.008258774948382657
11,71.1,1386,804,1658,24,3872,0.6328767123287671,0.36712328767123287,0.428202479338843,0.006198347107438017
12,0001,538,1230,989,29,2786,0.3042986425339366,0.6957013574660633,0.354989231873654,0.0104091888011486
12,0003,165,542,367,5,1079,0.2333804809052334,0.7666195190947667,0.340129749768304,0.004633920296570899
12,0011,295,1371,970,19,2655,0.17707082833133253,0.8229291716686674,0.3653483992467043,0.007156308851224105
12,0012,131,937,596,9,1673,0.12265917602996254,0.8773408239700374,0.356246264196055,0.005379557680812911
12,0013,274,1378,851,8,2511,0.16585956416464892,0.8341404358353511,0.33890880127439266,0.0031859816806053365
12,0014,164,1006,603,6,1779,0.14017094017094017,0.8598290598290599,0.33895446880269814,0.003372681281618887
12,0015,167,648,475,6,1296,0.2049079754601227,0.7950920245398773,0.36651234567901236,0.004629629629629629
12,0018,87,241,181,2,511,0.2652439024390244,0.7347560975609756,0.3542074363992172,0.003913894324853229
12,0019,98,278,211,7,594,0.26063829787234044,0.7393617021276596,0.3552188552188552,0.011784511784511785
12,0020,190,349,352,4,895,0.3525046382189239,0.647495361781076,0.39329608938547483,0.004469273743016759
12,0021,227,602,479,6,1314,0.2738238841978287,0.7261761158021713,0.3645357686453577,0.0045662100456621
12,0022,287,825,639,8,1759,0.2580935251798561,0.7419064748201439,0.3632745878339966,0.0045480386583285955
12,0024,339,1005,838,13,2195,0.25223214285714285,0.7477678571428571,0.3817767653758542,0.00592255125284738
12,0031,612,374,674,15,1675,0.6206896551724138,0.3793103448275862,0.40238805970149255,0.008955223880597015
12,0034,450,473,723,11,1657,0.4875406283856988,0.5124593716143012,0.43633071816535907,0.006638503319251659
12,0035,411,332,498,2,1243,0.5531628532974427,0.4468371467025572,0.4006436041834272,0.0016090104585679806
12,0036,247,753,672,7,1679,0.247,0.753,0.40023823704586065,0.004169148302561048
12,0038,459,707,736,11,1913,0.3936535162950257,0.6063464837049742,0.3847360167276529,0.00575013068478829
12,0039,473,523,639,11,1646,0.4748995983935743,0.5251004016064257,0.3882138517618469,0.006682867557715674
12,0040,304,634,638,9,1585,0.32409381663113007,0.67590618336887,0.4025236593059937,0.0056782334384858045
12,0047-A,511,570,663,4,1748,0.4727104532839963,0.5272895467160037,0.3792906178489702,0.002288329519450801
12,0047-B,245,483,499,9,1236,0.33653846153846156,0.6634615384615384,0.40372168284789645,0.007281553398058253
12,0048,414,732,692,10,1848,0.3612565445026178,0.6387434554973822,0.37445887445887444,0.005411255411255411
12,0051,585,1252,1193,10,3040,0.3184540010887316,0.6815459989112683,0.3924342105263158,0.003289473684210526
12,0052,246,531,411,12,1200,0.3166023166023166,0.6833976833976834,0.3425,0.01
12,0062,132,353,298,2,785,0.2721649484536082,0.7278350515463917,0.3796178343949045,0.0025477707006369425
12,0064,104,332,301,5,742,0.23853211009174313,0.7614678899082569,0.4056603773584906,0.006738544474393531
12,0066,344,865,632,6,1847,0.28453267162944584,0.7154673283705542,0.3421765024363833,0.0032485110990795887
12,0070,423,973,902,8,2306,0.3030085959885387,0.6969914040114613,0.391153512575889,0.003469210754553339
12,0071,264,976,818,12,2070,0.2129032258064516,0.7870967741935484,0.39516908212560387,0.005797101449275362
12,0072,417,1423,1138,28,3006,0.2266304347826087,0.7733695652173913,0.37857618097139056,0.009314703925482368
13,,11,8,12,0,31,0.5789473684210527,0.42105263157894735,0.3870967741935484,0.0
13,01-02,614,1238,1164,23,3039,0.33153347732181426,0.6684665226781857,0.3830207305034551,0.007568279039157618
13,01-04,1739,1595,2591,38,5963,0.5215956808638272,0.47840431913617276,0.43451282911286265,0.006372631225893007
13,01-07,578,1039,1125,13,2755,0.35745207173778604,0.642547928262214,0.40834845735027225,0.004718693284936479
13,01-08,1678,1384,2089,42,5193,0.5480078380143697,0.4519921619856303,0.40227228962064315,0.008087810514153668
13,01-10,792,908,1289,18,3007,0.46588235294117647,0.5341176470588235,0.4286664449617559,0.005986032590621883
13,01-11,1227,1366,1953,18,4564,0.47319706903200925,0.5268029309679907,0.4279141104294479,0.003943908851884312
13,02-01,936,1161,1302,21,3420,0.44635193133047213,0.5536480686695279,0.38070175438596493,0.0061403508771929825
13,02-02,1206,1287,1683,24,4200,0.48375451263537905,0.516245487364621,0.4007142857142857,0.005714285714285714
13,02-03,1785,1950,2409,35,6179,0.4779116465863454,0.5220883534136547,0.38986891082699465,0.005664346981712251
13,02-05,1066,1465,1610,23,4164,0.42117740023706046,0.5788225997629396,0.3866474543707973,0.005523535062439962
13,02-06,1144,807,1268,22,3241,0.5863659661711943,0.41363403382880576,0.3912372724467757,0.006788028386300524
13,02-07,774,1144,1307,18,3243,0.4035453597497393,0.5964546402502607,0.40302189330866484,0.005550416281221091
13,02-08,2114,1893,3362,50,7419,0.5275767407037684,0.4724232592962316,0.4531608033427686,0.0067394527564361775
13,02-09,2202,1598,3665,39,7504,0.5794736842105264,0.4205263157894737,0.48840618336886993,0.005197228144989339
13,03-00,1193,2207,2264,32,5696,0.3508823529411765,0.6491176470588236,0.39747191011235955,0.0056179775280898875
13,04-01,912,807,1121,25,2865,0.5305410122164049,0.4694589877835951,0.3912739965095986,0.008726003490401396
13,04-03,894,867,852,21,2634,0.5076660988074957,0.49233390119250425,0.3234624145785877,0.007972665148063782
13,04-08,605,614,825,13,2057,0.4963084495488105,0.5036915504511895,0.40106951871657753,0.006319883325230919
13,04-09,1057,1633,1538,36,4264,0.3929368029739777,0.6070631970260223,0.3606941838649156,0.008442776735459663
13,04-11,962,978,1131,32,3103,0.49587628865979383,0.5041237113402062,0.3644859813084112,0.0103126007089913
13,04-12,1564,1058,1528,35,4185,0.5964912280701754,0.40350877192982454,0.3651135005973716,0.008363201911589008
13,04-13,1221,1872,1786,34,4913,0.3947623666343356,0.6052376333656644,0.36352534093222066,0.006920415224913495
13,05-00,371,1361,877,20,2629,0.21420323325635104,0.785796766743649,0.33358691517687333,0.007607455306200076
13,06-00,182,1216,676,6,2080,0.1301859799713877,0.8698140200286123,0.325,0.0028846153846153848
13,07-00,96,777,373,9,1255,0.10996563573883161,0.8900343642611683,0.2972111553784861,0.007171314741035857
13,08-00,433,2098,1388,20,3939,0.1710786250493876,0.8289213749506124,0.35237369890835235,0.005077430820005078
13,09-00,291,1494,930,12,2727,0.16302521008403362,0.8369747899159664,0.341034103410341,0.0044004400440044
13,10-00,1033,2832,1987,32,5884,0.26727037516170765,0.7327296248382924,0.3376954452753229,0.005438477226376614
13,11-01,1755,1315,2099,40,5209,0.5716612377850163,0.42833876221498374,0.402956421578038,0.007679017085813016
13,11-02,634,1373,1291,20,3318,0.3158943697060289,0.6841056302939711,0.38908981314044605,0.006027727546714889
13,12-03,488,638,733,8,1867,0.433392539964476,0.566607460035524,0.39260846277450456,0.004284949116229245
13,12-04,743,670,973,28,2414,0.5258315640481246,0.47416843595187547,0.40306545153272577,0.0115990057995029
13,12-05,405,734,819,18,1976,0.3555750658472344,0.6444249341527656,0.4144736842105263,0.009109311740890687
13,12-08,428,391,487,10,1316,0.5225885225885226,0.47741147741147744,0.3700607902735562,0.007598784194528876
13,12-09,703,892,1053,16,2664,0.4407523510971787,0.5592476489028213,0.3952702702702703,0.006006006006006006
13,12-11,426,433,623,11,1493,0.4959254947613504,0.5040745052386496,0.4172806430006698,0.007367716008037508
13,12-12,493,625,787,11,1916,0.4409660107334526,0.5590339892665475,0.41075156576200417,0.005741127348643006
13,12-13,1539,569,1266,40,3414,0.7300759013282733,0.26992409867172673,0.37082601054481545,0.011716461628588167
13,12-14,751,792,1111,20,2674,0.4867141931302657,0.5132858068697342,0.41548242333582647,0.0074794315632011965
14,1,692,2179,1326,25,4222,0.2410309996516893,0.7589690003483107,0.3140691615348176,0.005921364282330649
14,10,339,1626,976,15,2956,0.17251908396946564,0.8274809160305343,0.3301759133964817,0.005074424898511502
14,11,380,1781,997,14,3172,0.1758445164275798,0.8241554835724202,0.31431273644388397,0.004413619167717529
14,12,262,1280,755,18,2315,0.16990920881971466,0.8300907911802854,0.326133909287257,0.007775377969762419
14,13,645,2820,1690,23,5178,0.18614718614718614,0.8138528138528138,0.32638084202394746,0.004441869447663191
14,14,544,2407,1535,27,4513,0.18434429007116232,0.8156557099288377,0.34012851761577667,0.005982716596499003
14,15,229,1453,712,11,2405,0.1361474435196195,0.8638525564803805,0.29604989604989607,0.004573804573804574
14,2,289,1083,622,8,2002,0.21064139941690962,0.7893586005830904,0.3106893106893107,0.003996003996003996
14,3,162,609,367,8,1146,0.21011673151750973,0.7898832684824902,0.32024432809773123,0.006980802792321117
14,4,276,1597,851,16,2740,0.14735718099305925,0.8526428190069407,0.3105839416058394,0.00583941605839416
14,5,382,1336,962,25,2705,0.22235157159487776,0.7776484284051223,0.355637707948244,0.009242144177449169
14,6,1311,1945,1557,23,4836,0.40264127764127766,0.5973587223587223,0.3219602977667494,0.004755996691480562
14,7,790,1801,1453,24,4068,0.30490158240061754,0.6950984175993825,0.3571779744346116,0.0058997050147492625
14,8,583,1764,1301,14,3662,0.2484022155943758,0.7515977844056242,0.3552703440742764,0.0038230475150191155
14,9,296,1555,772,18,2641,0.15991356023770933,0.8400864397622907,0.29231351760696705,0.006815600151457781
15,CH,437,1095,1286,21,2839,0.28524804177545693,0.7147519582245431,0.4529764001408947,0.007396970764353646
15,SH,248,771,903,11,1933,0.2433758586849853,0.7566241413150148,0.4671495085359545,0.005690636316606311
15,SM,345,1220,1162,25,2752,0.22044728434504793,0.7795527156549521,0.42223837209302323,0.009084302325581396
16,ABCH,181,634,450,1,1266,0.22208588957055214,0.7779141104294478,0.35545023696682465,0.0007898894154818325
16,ASCI,108,368,245,5,726,0.226890756302521,0.773109243697479,0.33746556473829203,0.006887052341597796
16,BCRK,226,980,754,14,1974,0.18739635157545606,0.8126036484245439,0.3819655521783181,0.0070921985815602835
16,BFT1,365,389,526,4,1284,0.48408488063660476,0.5159151193633952,0.40965732087227413,0.003115264797507788
16,BFT2,731,1429,1387,20,3567,0.3384259259259259,0.6615740740740741,0.3888421642837118,0.005606952621250351
16,BOGE,286,1682,1126,17,3111,0.14532520325203252,0.8546747967479674,0.3619414979106397,0.00546448087431694
16,CAPE,350,1905,1336,11,3602,0.15521064301552107,0.844789356984479,0.3709050527484731,0.003053858967240422
16,DASW,64,332,188,3,587,0.16161616161616163,0.8383838383838383,0.3202725724020443,0.005110732538330494
16,HAIS,129,548,286,2,965,0.19054652880354506,0.8094534711964549,0.29637305699481864,0.002072538860103627
16,IBPK,285,759,656,9,1709,0.27298850574712646,0.7270114942528736,0.38385020479812754,0.0052662375658279695
16,ISLE,531,1767,1524,17,3839,0.2310704960835509,0.7689295039164491,0.3969783797864027,0.004428236519927064
16,MASM,89,292,228,3,612,0.2335958005249344,0.7664041994750657,0.37254901960784315,0.004901960784313725
16,MCRK,31,281,143,1,456,0.09935897435897435,0.9006410256410257,0.31359649122807015,0.0021929824561403508
16,MERR,111,229,144,3,487,0.3264705882352941,0.6735294117647059,0.29568788501026694,0.006160164271047228
16,MHD1,362,1030,883,16,2291,0.2600574712643678,0.7399425287356322,0.38542121344391095,0.006983849847228284
16,MHD2,472,1059,1010,21,2562,0.3082952318745918,0.6917047681254083,0.3942232630757221,0.00819672131147541
16,MHD3,468,1404,1140,18,3030,0.25,0.75,0.37623762376237624,0.005940594059405941
16,MHD4,344,1370,1022,11,2747,0.20070011668611434,0.7992998833138857,0.37204222788496544,0.004004368401892974
16,NPT1,431,1366,1206,22,3025,0.23984418475236505,0.760155815247635,0.3986776859504132,0.007272727272727273
16,NPT2,308,1451,1086,14,2859,0.17509948834565095,0.8249005116543491,0.37985309548793283,0.004896817068905212
16,NRIV,252,190,173,2,617,0.5701357466063348,0.4298642533936652,0.28038897893030795,0.0032414910858995136
16,OTBEG,234,911,671,13,1829,0.20436681222707423,0.7956331877729258,0.36686714051394204,0.007107709130672498
16,PELE,164,839,589,8,1600,0.16350947158524426,0.8364905284147557,0.368125,0.005
16,STEL,185,982,683,18,1868,0.1585261353898886,0.8414738646101114,0.36563169164882225,0.009635974304068522
16,WIHA,248,924,649,11,1832,0.21160409556313994,0.78839590443686,0.35425764192139736,0.006004366812227074
16,WILD,437,1455,1166,22,3080,0.2309725158562368,0.7690274841437632,0.37857142857142856,0.007142857142857143
17,ANDE,185,325,315,0,825,0.3627450980392157,0.6372549019607843,0.38181818181818183,0.0
17,LEAS,229,111,212,1,553,0.6735294117647059,0.3264705882352941,0.3833634719710669,0.0018083182640144665
17,LOCU,782,528,472,12,1794,0.5969465648854961,0.4030534351145038,0.2630992196209587,0.006688963210702341
17,MILT,829,353,486,7,1675,0.7013536379018612,0.2986463620981388,0.29014925373134326,0.00417910447761194
17,PELH,634,986,949,8,2577,0.391358024691358,0.608641975308642,0.3682576639503298,0.0031043849437330227
17,PH,483,515,648,5,1651,0.48396793587174347,0.5160320641282565,0.3924894003634161,0.0030284675953967293
17,PROVI,230,223,251,4,708,0.5077262693156733,0.4922737306843267,0.3545197740112994,0.005649717514124294
17,STON,518,883,678,5,2084,0.36973590292648106,0.6302640970735189,0.3253358925143954,0.0023992322456813818
17,YANC,782,394,611,8,1795,0.6649659863945578,0.33503401360544216,0.3403899721448468,0.004456824512534819
18,,0,1,0,0,1,0.0,1.0,0.0,0.0
18,01,295,1908,1105,14,3322,0.13390830685428962,0.8660916931457104,0.33263094521372666,0.004214328717639976
18,02,215,1252,732,9,2208,0.1465576005453306,0.8534423994546694,0.33152173913043476,0.004076086956521739
18,03,282,1214,727,11,2234,0.18850267379679145,0.8114973262032086,0.3254252461951656,0.004923903312444047
18,04,223,260,326,6,815,0.4616977225672878,0.5383022774327122,0.4,0.007361963190184049
18,05,458,1675,1103,16,3252,0.21472105016408813,0.7852789498359118,0.3391758917589176,0.004920049200492005
18,06,329,1144,778,15,2266,0.22335369993211135,0.7766463000678887,0.3433362753751103,0.006619593998234775
18,07,583,1076,1045,20,2724,0.351416515973478,0.648583484026522,0.38362701908957414,0.007342143906020558
18,08,385,1121,931,11,2448,0.2556440903054449,0.7443559096945551,0.38031045751633985,0.004493464052287581
18,09,218,1380,788,9,2395,0.13642052565707133,0.8635794743429287,0.3290187891440501,0.0037578288100208767
18,10,168,157,181,6,512,0.5169230769230769,0.48307692307692307,0.353515625,0.01171875
18,11,217,298,419,5,939,0.42135922330097086,0.5786407766990291,0.44621938232161873,0.005324813631522897
18,12,561,228,529,10,1328,0.7110266159695817,0.2889733840304182,0.3983433734939759,0.007530120481927711
18,13,373,333,557,11,1274,0.5283286118980169,0.471671388101983,0.43720565149136575,0.008634222919937205
18,14,270,511,619,6,1406,0.34571062740076824,0.6542893725992317,0.4402560455192034,0.004267425320056899
18,15,312,41,196,7,556,0.8838526912181303,0.11614730878186968,0.35251798561151076,0.012589928057553957
18,16,514,849,932,16,2311,0.37710931768158473,0.6228906823184153,0.40328861964517526,0.006923409779316313
18,17,328,508,584,13,1433,0.3923444976076555,0.6076555023923444,0.40753663642707605,0.009071877180739707
18,19,228,414,404,8,1054,0.35514018691588783,0.6448598130841121,0.38330170777988615,0.007590132827324478
18,20,436,1638,1191,20,3285,0.210221793635487,0.789778206364513,0.36255707762557077,0.0060882800608828
18,21,186,1137,743,13,2079,0.14058956916099774,0.8594104308390023,0.35738335738335736,0.006253006253006253
18,22,573,1480,1211,16,3280,0.27910375060886505,0.720896249391135,0.3692073170731707,0.004878048780487805
18,23,523,1863,1513,13,3912,0.21919530595138306,0.780804694048617,0.386758691206544,0.0033231083844580778
18,24,479,1928,1268,18,3693,0.19900290818446198,0.800997091815538,0.34335228811264557,0.00487408610885459
18,25,385,698,773,14,1870,0.3554939981532779,0.644506001846722,0.41336898395721927,0.0074866310160427805
18,26,312,639,683,13,1647,0.3280757097791798,0.6719242902208202,0.4146933819064967,0.007893139040680024
18,27,448,1934,1253,14,3649,0.18807724601175482,0.8119227539882452,0.3433817484242258,0.0038366675801589476
18,28,500,1256,1103,14,2873,0.2847380410022779,0.715261958997722,0.38391924817264184,0.004872955099199443
18,29,540,2061,1632,25,4258,0.20761245674740483,0.7923875432525952,0.38327853452325034,0.0058713010803193985
18,30,737,1350,1389,18,3494,0.3531384762817441,0.6468615237182559,0.3975386376645678,0.005151688609044075
18,31,737,2914,2070,37,5758,0.20186250342371953,0.7981374965762805,0.3594998263285863,0.006425842306356374
18,32,529,1070,1203,18,2820,0.3308317698561601,0.6691682301438399,0.42659574468085104,0.006382978723404255
18,33,605,2180,1617,27,4429,0.21723518850987433,0.7827648114901257,0.36509370060961843,0.006096184240234816
18,34,566,2049,1538,25,4178,0.2164435946462715,0.7835564053537285,0.3681187170895165,0.005983724269985639
18,35,541,1348,1265,19,3173,0.2863949179460032,0.7136050820539969,0.39867633154743143,0.005988023952095809
18,36,418,948,896,9,2271,0.30600292825768666,0.6939970717423133,0.3945398502862175,0.003963011889035667
18,37,470,846,973,14,2303,0.35714285714285715,0.6428571428571429,0.42249240121580545,0.0060790273556231
18,38,501,1285,1239,14,3039,0.280515117581187,0.719484882418813,0.4076999012833169,0.004606778545574202
18,39,290,1120,875,12,2297,0.20567375886524822,0.7943262411347518,0.3809316499782325,0.00522420548541576
18,40,278,532,625,9,1444,0.3432098765432099,0.6567901234567901,0.4328254847645429,0.006232686980609419
18,41,530,2316,1639,32,4517,0.18622628250175685,0.8137737174982431,0.36285145007748504,0.007084348018596413
19,,0,0,1,0,1,0.5,0.5,1.0,0.0
19,15,823,422,1026,14,2285,0.6610441767068274,0.3389558232931727,0.44901531728665206,0.00612691466083151
19,21,402,436,700,11,1549,0.4797136038186158,0.5202863961813843,0.45190445448676564,0.0071013557133634605
19,3,339,689,611,8,1647,0.32976653696498054,0.6702334630350194,0.3709775349119611,0.004857316332726169
19,30,472,564,707,7,1750,0.4555984555984556,0.5444015444015444,0.404,0.004
19,42,498,763,1164,9,2434,0.39492466296590006,0.6050753370340999,0.4782251437962202,0.0036976170912078883
19,75,1275,1169,2231,22,4697,0.5216857610474632,0.47831423895253683,0.47498403236108155,0.00468384074941452
19,78,2083,1106,2521,28,5738,0.6531828159297586,0.3468171840702415,0.43935169048448935,0.004879749041477867
19,85,869,664,825,18,2376,0.5668623613829094,0.43313763861709065,0.3472222222222222,0.007575757575757576
19,9,295,532,493,4,1324,0.3567110036275695,0.6432889963724304,0.3723564954682779,0.0030211480362537764
19,CRD118,205,721,546,3,1475,0.22138228941684665,0.7786177105831533,0.3701694915254237,0.002033898305084746
19,ECL109,2285,805,2637,28,5755,0.7394822006472492,0.2605177993527508,0.4582102519548219,0.0048653344917463075
19,EPP112,1379,784,1742,25,3930,0.6375404530744336,0.36245954692556637,0.44325699745547076,0.006361323155216285
19,ESC114,1330,860,1165,12,3367,0.6073059360730594,0.3926940639269406,0.346005346005346,0.003564003564003564
19,GLD118,809,878,1104,16,2807,0.47954949614700654,0.5204505038529935,0.39330245814036335,0.0057000356252226575
19,MON113,459,672,887,16,2034,0.40583554376657827,0.5941644562334217,0.436086529006883,0.007866273352999017
19,NWM117,2369,981,2575,16,5941,0.7071641791044776,0.2928358208955224,0.43342871570442687,0.0026931493014644
19,WCL108,1380,545,1660,21,3606,0.7168831168831169,0.2831168831168831,0.4603438713255685,0.005823627287853577
19,WPP114,1802,1122,2357,27,5308,0.6162790697674418,0.38372093023255816,0.4440467219291635,0.005086661642803316
2,B1,310,1487,975,12,2784,0.17250973845297718,0.8274902615470228,0.35021551724137934,0.004310344827586207
2,B2,370,1741,1192,15,3318,0.1752723827569872,0.8247276172430128,0.35925256178420734,0.0045207956600361665
2,E,353,1125,744,11,2233,0.2388362652232747,0.7611637347767253,0.33318405732198836,0.0049261083743842365
2,G1G2,220,783,488,2,1493,0.2193419740777667,0.7806580259222333,0.32685867381111855,0.0013395847287340924
2,LRSL,213,946,568,5,1732,0.18377911993097498,0.816220880069025,0.3279445727482679,0.002886836027713626
2,M,243,804,570,7,1624,0.23209169054441262,0.7679083094555874,0.35098522167487683,0.004310344827586207
2,S1S2,358,1217,913,15,2503,0.2273015873015873,0.7726984126984127,0.3647622852576908,0.0059928086296444265
2,T1T4T5,511,1766,1286,16,3579,0.22441809398331136,0.7755819060166886,0.3593182453199218,0.0044705224923162895
2,T2T3,468,1125,904,13,2510,0.2937853107344633,0.7062146892655368,0.3601593625498008,0.0051792828685258965
2,W,172,952,575,3,1702,0.15302491103202848,0.8469750889679716,0.33783783783783783,0.0017626321974148062
20,ANNW,179,723,511,10,1423,0.1984478935698448,0.8015521064301552,0.3591004919184821,0.007027406886858749
20,ANSW,188,704,483,7,1382,0.21076233183856502,0.7892376681614349,0.34949348769898697,0.005065123010130246
20,BELL,146,684,457,3,1290,0.17590361445783131,0.8240963855421687,0.35426356589147284,0.002325581395348837
20,BRAS,116,492,294,7,909,0.19078947368421054,0.8092105263157895,0.3234323432343234,0.007700770077007701
20,CSON,121,531,285,1,938,0.18558282208588958,0.8144171779141104,0.30383795309168443,0.0010660980810234541
20,GCRK,29,276,139,2,446,0.09508196721311475,0.9049180327868852,0.3116591928251121,0.004484304932735426
20,HANG,52,448,226,3,729,0.104,0.896,0.3100137174211248,0.00411522633744856
20,HIWA,199,1358,615,10,2182,0.12780989081567115,0.8721901091843288,0.2818515123739688,0.00458295142071494
20,HOTH,165,867,452,8,1492,0.15988372093023256,0.8401162790697675,0.30294906166219837,0.005361930294906166
20,MARB,133,717,429,10,1289,0.1564705882352941,0.8435294117647059,0.33281613653995346,0.007757951900698216
20,MURN,277,891,722,14,1904,0.23715753424657535,0.7628424657534246,0.3792016806722689,0.007352941176470588
20,MURS,274,1143,858,18,2293,0.19336626676076218,0.8066337332392378,0.3741822939380724,0.007849978194505015
20,PCHT,261,1192,669,7,2129,0.17962835512732278,0.8203716448726772,0.31423203381869425,0.0032879286049788633
20,RGER,188,1025,603,14,1830,0.1549876339653751,0.8450123660346249,0.3295081967213115,0.007650273224043716
20,TOPT,40,214,93,1,348,0.15748031496062992,0.84251968503937,0.2672413793103448,0.0028735632183908046
20,UNKA,61,360,171,5,597,0.14489311163895488,0.8551068883610451,0.2864321608040201,0.008375209380234505
21,1,736,358,561,8,1663,0.6727605118829981,0.3272394881170018,0.33734215273601925,0.004810583283223091
21,2,966,906,946,12,2830,0.5160256410256411,0.483974358974359,0.3342756183745583,0.004240282685512367
21,3,244,639,602,7,1492,0.27633069082672707,0.7236693091732729,0.403485254691689,0.004691689008042895
21,4,278,243,229,5,755,0.5335892514395394,0.46641074856046066,0.3033112582781457,0.006622516556291391
21,5,167,365,297,1,830,0.31390977443609025,0.6860902255639098,0.3578313253012048,0.0012048192771084338
21,6,375,506,499,7,1387,0.42565266742338254,0.5743473325766175,0.3597692862292718,0.005046863734679163
22,BRAS,105,412,296,4,817,0.20309477756286268,0.7969052224371374,0.3623011015911873,0.004895960832313341
22,HAY1,164,573,424,7,1168,0.2225237449118046,0.7774762550881954,0.363013698630137,0.0059931506849315065
22,HAY2,180,757,577,6,1520,0.192102454642476,0.807897545357524,0.3796052631578947,0.003947368421052632
22,HAYC,61,215,131,2,409,0.2210144927536232,0.7789855072463768,0.3202933985330073,0.004889975550122249
22,HIAW,188,816,500,7,1511,0.18725099601593626,0.8127490039840638,0.3309066843150232,0.004632693580410324
22,SHCR,125,722,412,1,1260,0.14757969303423848,0.8524203069657615,0.326984126984127,0.0007936507936507937
22,SWEE,95,351,295,2,743,0.21300448430493274,0.7869955156950673,0.39703903095558546,0.0026917900403768506
22,TUSQ,68,338,275,3,684,0.16748768472906403,0.8325123152709359,0.402046783625731,0.0043859649122807015
22,WARN,93,382,281,7,763,0.1957894736842105,0.8042105263157895,0.36828309305373524,0.009174311926605505
23,BETHWR,263,831,534,13,1641,0.24040219378427788,0.7595978062157221,0.32541133455210236,0.007921998781230956
23,BR,856,1957,1489,23,4325,0.30430145751866333,0.6956985424813367,0.34427745664739884,0.005317919075144509
23,CASAR,143,797,415,5,1360,0.15212765957446808,0.847872340425532,0.30514705882352944,0.003676470588235294
23,FALSTN,214,745,532,6,1497,0.22314911366006257,0.7768508863399375,0.35537742150968604,0.004008016032064128
23,GROVER,544,1517,851,16,2928,0.2639495390587094,0.7360504609412907,0.2906420765027322,0.00546448087431694
23,KINGST,365,164,209,2,740,0.6899810964083176,0.31001890359168244,0.28243243243243243,0.002702702702702703
23,KM N,1103,1902,1367,40,4412,0.3670549084858569,0.6329450915141431,0.3098368087035358,0.009066183136899365
23,KM S,1086,1654,1313,26,4079,0.3963503649635037,0.6036496350364964,0.32189262074037756,0.006374111301789654
23,LATT,477,1168,854,9,2508,0.2899696048632219,0.7100303951367781,0.3405103668261563,0.0035885167464114833
23,LAWNDL,506,532,492,7,1537,0.48747591522157996,0.51252408477842,0.32010409889394925,0.004554326610279766
23,MRB-YO,240,728,487,16,1471,0.24793388429752067,0.7520661157024794,0.3310673011556764,0.010876954452753228
23,MULLS,290,986,574,6,1856,0.22727272727272727,0.7727272727272727,0.30926724137931033,0.003232758620689655
23,OAKGRV,449,1783,1062,27,3321,0.20116487455197132,0.7988351254480287,0.31978319783197834,0.008130081300813009
23,POLKVL,386,1060,817,16,2279,0.2669432918395574,0.7330567081604425,0.3584905660377358,0.007020623080298377
23,RIPPY,862,1400,1036,20,3318,0.381078691423519,0.618921308576481,0.31223628691983124,0.006027727546714889
23,S C,2089,1600,1996,26,5711,0.5662781241528869,0.433721875847113,0.3495009630537559,0.004552617755209245
23,S E,838,759,708,8,2313,0.5247338760175329,0.47526612398246715,0.30609597924773024,0.0034587116299178555
23,S N,1442,1267,1242,15,3966,0.5322997416020672,0.46770025839793283,0.31316187594553707,0.0037821482602118004
23,S S,1917,1730,1704,23,5374,0.5256375102824239,0.4743624897175761,0.317082247860067,0.004279866021585412
23,SHANGI,562,1030,776,9,2377,0.3530150753768844,0.6469849246231156,0.3264619267984855,0.0037862852334875894
23,WACO,709,1277,971,10,2967,0.35699899295065457,0.6430010070493454,0.32726659925851026,0.003370407819346141
24,P02B,416,185,286,6,893,0.6921797004991681,0.30782029950083195,0.3202687569988802,0.006718924972004479
24,P06,183,281,311,0,775,0.39439655172413796,0.6056034482758621,0.4012903225806452,0.0
24,P07,983,626,1040,7,2656,0.6109384711000622,0.38906152889993784,0.39156626506024095,0.0026355421686746986
24,P117,906,595,824,5,2330,0.603597601598934,0.39640239840106595,0.3536480686695279,0.002145922746781116
24,P121,282,748,633,5,1668,0.2737864077669903,0.7262135922330097,0.37949640287769787,0.002997601918465228
24,P14,1079,1089,841,8,3017,0.4976937269372694,0.5023062730627307,0.27875372886973815,0.002651640702684786
24,P15,620,651,708,7,1986,0.4878048780487805,0.5121951219512195,0.3564954682779456,0.003524672708962739
24,P16B,379,546,628,3,1556,0.4097297297297297,0.5902702702702702,0.40359897172236503,0.0019280205655526992
24,P19,822,596,735,6,2159,0.5796897038081805,0.4203102961918195,0.34043538675312646,0.002779064381658175
24,P223,944,685,918,4,2551,0.5794966236955187,0.42050337630448126,0.35985887887103096,0.0015680125441003528
24,P22A,510,612,644,8,1774,0.45454545454545453,0.5454545454545454,0.36302142051860203,0.004509582863585118
24,P245,416,1405,1151,9,2981,0.22844590884129598,0.771554091158704,0.3861120429386112,0.0030191211003019122
24,P26B,963,913,885,9,2770,0.5133262260127932,0.48667377398720685,0.3194945848375451,0.003249097472924188
24,P534,395,740,713,10,1858,0.34801762114537443,0.6519823788546255,0.383745963401507,0.005382131324004306
24,P82,409,499,564,7,1479,0.45044052863436124,0.5495594713656388,0.3813387423935091,0.004732927653820149
24,P89,386,439,506,4,1335,0.4678787878787879,0.5321212121212121,0.3790262172284644,0.00299625468164794
25,02,1644,3435,3498,100,8677,0.32368576491435325,0.6763142350856468,0.4031347239829434,0.011524720525527256
25,03,520,1658,1173,21,3372,0.23875114784205692,0.761248852157943,0.34786476868327404,0.006227758007117438
25,05,404,953,931,16,2304,0.29771554900515845,0.7022844509948416,0.4040798611111111,0.006944444444444444
25,07,663,882,540,5,2090,0.429126213592233,0.570873786407767,0.2583732057416268,0.0023923444976076554
25,11,372,1257,874,13,2516,0.2283609576427256,0.7716390423572744,0.34737678855325915,0.0051669316375198724
25,16,681,1743,1472,43,3939,0.28094059405940597,0.719059405940594,0.3736989083523737,0.010916476263010916
25,17,314,1112,872,23,2321,0.22019635343618513,0.7798036465638148,0.37570012925463164,0.00990952175786299
25,19,871,1113,937,16,2937,0.43901209677419356,0.5609879032258065,0.31903302689819546,0.005447735784814436
25,20,557,1463,1257,14,3291,0.27574257425742577,0.7242574257425742,0.381950774840474,0.00425402613187481
25,21,525,1705,1285,25,3540,0.23542600896860988,0.7645739910313901,0.3629943502824859,0.007062146892655367
25,23,1066,2415,2167,39,5687,0.30623384085033034,0.6937661591496697,0.38104448742746616,0.006857745735888869
25,CFB8,356,620,371,1,1348,0.36475409836065575,0.6352459016393442,0.27522255192878337,0.000741839762611276
25,CLR4,776,948,957,20,2701,0.45011600928074247,0.5498839907192575,0.35431321732691595,0.0074046649389115145
25,DFB9,297,262,208,0,767,0.5313059033989267,0.46869409660107336,0.2711864406779661,0.0
25,N1,647,455,755,9,1866,0.5871143375680581,0.4128856624319419,0.4046087888531618,0.00482315112540193
25,N2,1032,281,739,13,2065,0.785986290936786,0.214013709063214,0.35786924939467313,0.006295399515738499
25,N3N5,1246,826,1116,22,3210,0.6013513513513513,0.39864864864864863,0.34766355140186916,0.006853582554517134
25,N4,1548,1142,1507,33,4230,0.5754646840148699,0.4245353159851301,0.3562647754137116,0.007801418439716312
25,N6,1197,1507,1662,28,4394,0.4426775147928994,0.5573224852071006,0.3782430587164315,0.0063723258989531175
25,TE13,191,684,382,11,1268,0.21828571428571428,0.7817142857142857,0.30126182965299686,0.008675078864353312
25,VE14,1087,1642,1072,17,3818,0.39831440087944303,0.601685599120557,0.28077527501309585,0.004452592980618125
26,,0,2,4,0,6,0.0,1.0,0.6666666666666666,0.0
26,AH49,1260,478,960,23,2721,0.7249712313003452,0.27502876869965476,0.3528114663726571,0.008452774715178243
26,AL51-1,388,659,594,9,1650,0.37058261700095513,0.6294173829990449,0.36,0.005454545454545455
26,AL51-2,624,747,791,20,2182,0.4551422319474836,0.5448577680525164,0.3625114573785518,0.00916590284142988
26,AL51-3,261,686,535,7,1489,0.27560718057022177,0.7243928194297783,0.3593015446608462,0.0047011417058428475
26,CC01,1100,140,580,14,1834,0.8870967741935484,0.11290322580645161,0.31624863685932386,0.007633587786259542
26,CC03,546,320,633,13,1512,0.6304849884526559,0.3695150115473441,0.41865079365079366,0.008597883597883597
26,CC04,312,263,424,8,1007,0.542608695652174,0.4573913043478261,0.42105263157894735,0.007944389275074478
26,CC06,307,273,425,14,1019,0.5293103448275862,0.4706896551724138,0.4170755642787046,0.013738959764474975
26,CC07,238,270,391,9,908,0.468503937007874,0.531496062992126,0.43061674008810574,0.009911894273127754
26,CC08,356,471,433,12,1272,0.43047158403869407,0.5695284159613059,0.34040880503144655,0.009433962264150943
26,CC10,397,206,310,8,921,0.6583747927031509,0.3416252072968491,0.33659066232356133,0.008686210640608035
26,CC12,335,660,549,15,1559,0.33668341708542715,0.6633165829145728,0.3521488133418858,0.009621552277100705
26,CC13,765,80,712,8,1565,0.9053254437869822,0.09467455621301775,0.4549520766773163,0.005111821086261981
26,CC14,630,723,953,19,2325,0.4656319290465632,0.5343680709534369,0.4098924731182796,0.008172043010752689
26,CC15,664,731,789,11,2195,0.4759856630824373,0.5240143369175627,0.35945330296127564,0.005011389521640091
26,CC16,1048,57,418,5,1528,0.9484162895927601,0.051583710407239816,0.27356020942408377,0.0032722513089005235
26,CC17,1130,173,646,9,1958,0.8672294704528012,0.13277052954719878,0.3299284984678243,0.004596527068437181
26,CC18,359,518,518,8,1403,0.40935005701254273,0.5906499429874572,0.3692088382038489,0.005702066999287242
26,CC21,1282,449,1100,28,2859,0.7406123627960717,0.2593876372039284,0.38474991255683805,0.009793634137810424
26,CC22A,1554,718,1317,42,3631,0.6839788732394366,0.3160211267605634,0.3627099972459378,0.011567061415587993
26,CC23-2,888,621,957,21,2487,0.588469184890656,0.4115308151093439,0.3848009650180941,0.008443908323281062
26,CC24,483,242,511,9,1245,0.6662068965517242,0.33379310344827584,0.41044176706827307,0.007228915662650603
26,CC25,601,329,640,19,1589,0.646236559139785,0.35376344086021505,0.4027690371302706,0.01195720578980491
26,CC26,1409,398,1021,25,2853,0.7797454344216934,0.22025456557830658,0.3578689099193831,0.008762705923589204
26,CC27,1474,434,1343,32,3283,0.7725366876310272,0.22746331236897274,0.40907706366128543,0.009747182455071581
26,CC29,760,305,663,12,1740,0.7136150234741784,0.2863849765258216,0.3810344827586207,0.006896551724137931
26,CC31,595,390,669,15,1669,0.6040609137055838,0.39593908629441626,0.4008388256440983,0.008987417615338526
26,CC32,526,166,421,6,1119,0.7601156069364162,0.2398843930635838,0.3762287756925827,0.005361930294906166
26,CC33,868,402,736,17,2023,0.6834645669291338,0.3165354330708661,0.3638161146811666,0.008403361344537815
26,CC34,514,588,688,7,1797,0.4664246823956443,0.5335753176043557,0.3828603227601558,0.0038953811908736783
26,CC519,1314,181,806,17,2318,0.8789297658862876,0.12107023411371237,0.34771354616048317,0.007333908541846419
26,CL57-1,1274,414,1011,25,2724,0.754739336492891,0.245260663507109,0.3711453744493392,0.009177679882525698
26,CL57-2,1368,327,978,22,2695,0.8070796460176991,0.1929203539823009,0.3628942486085343,0.00816326530612245
26,CU02,562,355,604,8,1529,0.6128680479825518,0.3871319520174482,0.395029431000654,0.005232177894048398
26,EO01,815,1029,995,19,2858,0.4419739696312364,0.5580260303687635,0.34814555633310007,0.006648005598320504
26,EO02,619,819,629,12,2079,0.43045897079276774,0.5695410292072323,0.30254930254930257,0.005772005772005772
26,G10A,1429,1371,1872,42,4714,0.5103571428571428,0.48964285714285716,0.3971149766652524,0.008909630886720407
26,G10B,906,673,972,15,2566,0.5737808739708676,0.42621912602913237,0.37879968823070925,0.005845674201091193
26,G10C,1042,1186,1544,22,3794,0.46768402154398564,0.5323159784560144,0.4069583552978387,0.005798629414865577
26,G11B,795,1199,1890,75,3959,0.39869608826479436,0.6013039117352056,0.4773932811315989,0.018944177822682495
26,G1A,877,343,679,12,1911,0.7188524590163935,0.28114754098360656,0.3553113553113553,0.006279434850863423
26,G1B,1047,1401,1238,28,3714,0.42769607843137253,0.5723039215686274,0.3333333333333333,0.007539041464728056
26,G2A,1844,648,1304,28,3824,0.7399678972712681,0.26003210272873195,0.3410041841004184,0.007322175732217573
26,G2C-1,1068,544,1005,24,2641,0.6625310173697271,0.337468982630273,0.38053767512305947,0.009087466868610375
26,G2E-1,917,247,601,13,1778,0.7878006872852233,0.21219931271477663,0.3380202474690664,0.007311586051743532
26,G2E-2,1095,217,784,14,2110,0.8346036585365854,0.16539634146341464,0.37156398104265403,0.006635071090047393
26,G3A-1,1467,533,1234,20,3254,0.7335,0.2665,0.3792255685310387,0.006146281499692686
26,G3A-2C,944,540,905,11,2400,0.6361185983827493,0.3638814016172507,0.3770833333333333,0.004583333333333333
26,G3B,423,262,401,7,1093,0.6175182481751825,0.38248175182481753,0.36688014638609334,0.006404391582799634
26,G3C,416,345,451,10,1222,0.5466491458607096,0.4533508541392904,0.3690671031096563,0.008183306055646482
26,G4A,496,291,504,14,1305,0.6302414231257941,0.3697585768742058,0.38620689655172413,0.010727969348659003
26,G4B,496,405,586,9,1496,0.5504994450610433,0.44950055493895674,0.3917112299465241,0.006016042780748663
26,G4C,686,278,687,11,1662,0.7116182572614108,0.2883817427385892,0.41335740072202165,0.006618531889290012
26,G5A-1,1124,294,839,13,2270,0.7926657263751763,0.2073342736248237,0.3696035242290749,0.005726872246696035
26,G5A-2,881,448,658,11,1998,0.6629044394281415,0.3370955605718585,0.32932932932932935,0.0055055055055055055
26,G5B-1,1494,234,877,13,2618,0.8645833333333334,0.13541666666666666,0.3349885408708938,0.004965622612681436
26,G5B-2,1058,254,640,9,1961,0.8064024390243902,0.19359756097560976,0.3263640999490056,0.004589495155532891
26,G5C,792,287,720,17,1816,0.7340129749768304,0.2659870250231696,0.3964757709251101,0.009361233480176211
26,G6A,974,2002,1473,30,4479,0.3272849462365591,0.6727150537634409,0.32886805090421967,0.006697923643670462
26,G6B,252,511,286,6,1055,0.3302752293577982,0.6697247706422018,0.27109004739336495,0.005687203791469194
26,G6C,475,660,597,18,1750,0.4185022026431718,0.5814977973568282,0.34114285714285714,0.010285714285714285
26,G7A,230,602,341,6,1179,0.2764423076923077,0.7235576923076923,0.28922815945716707,0.005089058524173028
26,G7B,231,503,369,5,1108,0.31471389645776565,0.6852861035422343,0.33303249097472926,0.004512635379061372
26,G8A,1246,652,1214,23,3135,0.6564805057955743,0.34351949420442573,0.3872408293460925,0.00733652312599681
26,G8B,770,671,1155,27,2623,0.5343511450381679,0.46564885496183206,0.44033549370949293,0.010293556995806329
26,G8C,749,459,789,15,2012,0.6200331125827815,0.37996688741721857,0.39214711729622265,0.007455268389662028
26,G8D,797,728,1017,23,2565,0.5226229508196721,0.47737704918032786,0.39649122807017545,0.008966861598440545
26,G9A-3,868,640,945,19,2472,0.5755968169761273,0.4244031830238727,0.38228155339805825,0.007686084142394822
26,G9B-1,1299,1182,1585,22,4088,0.5235792019347038,0.47642079806529625,0.387720156555773,0.0053816046966731895
26,G9B-2,1393,1322,1679,37,4431,0.5130755064456722,0.4869244935543278,0.378921236741142,0.008350259535093659
26,LI65,776,1415,1148,22,3361,0.3541761752624372,0.6458238247375627,0.3415650104135674,0.006545670931270455
26,LO66A,1465,1059,1512,24,4060,0.5804278922345484,0.4195721077654517,0.3724137931034483,0.005911330049261084
26,LR63,2049,555,1623,34,4261,0.7868663594470046,0.21313364055299538,0.38089650316827034,0.007979347570992725
26,MB62,1165,335,950,19,2469,0.7766666666666666,0.22333333333333333,0.3847711624139328,0.007695423248278655
26,MR02,997,449,992,22,2460,0.6894882434301521,0.31051175656984786,0.4032520325203252,0.00894308943089431
26,SH77,822,914,948,13,2697,0.4735023041474654,0.5264976958525346,0.3515016685205784,0.00482017055988135
26,SL78-3,1864,621,1518,31,4034,0.7501006036217304,0.2498993963782696,0.37630143777887953,0.007684680218145761
27,CB,39,108,117,2,266,0.2653061224489796,0.7346938775510204,0.4398496240601504,0.007518796992481203
27,CH,341,1870,1640,34,3885,0.15422885572139303,0.845771144278607,0.42213642213642216,0.008751608751608752
27,CO,120,370,457,2,949,0.24489795918367346,0.7551020408163265,0.4815595363540569,0.002107481559536354
27,EM,346,1549,1320,24,3239,0.18258575197889182,0.8174142480211082,0.4075331892559432,0.007409694350108058
27,GW,34,155,111,6,306,0.17989417989417988,0.8201058201058201,0.3627450980392157,0.0196078431372549
27,IR,176,567,473,7,1223,0.23687752355316286,0.7631224764468372,0.38675388389206866,0.005723630417007359
27,KI,73,475,410,8,966,0.1332116788321168,0.8667883211678832,0.4244306418219462,0.008281573498964804
27,PB,503,1523,1676,19,3721,0.24827245804540968,0.7517275419545904,0.45041655468959957,0.005106154259607632
27,PP,269,656,770,13,1708,0.29081081081081084,0.7091891891891892,0.45081967213114754,0.007611241217798595
27,WH,183,340,450,1,974,0.34990439770554493,0.6500956022944551,0.4620123203285421,0.001026694045174538
27,WM,460,1766,1590,36,3852,0.20664869721473494,0.793351302785265,0.4127725856697819,0.009345794392523364
28,AVON,154,297,355,5,811,0.34146341463414637,0.6585365853658537,0.43773119605425403,0.006165228113440197
28,BUX,202,446,470,6,1124,0.3117283950617284,0.6882716049382716,0.4181494661921708,0.005338078291814947
28,CHCA,162,236,314,7,719,0.40703517587939697,0.592964824120603,0.43671766342141866,0.009735744089012517
28,COL,617,1265,1556,34,3472,0.32784272051009566,0.6721572794899043,0.44815668202764974,0.009792626728110598
28,DUCK,144,238,302,8,692,0.3769633507853403,0.6230366492146597,0.43641618497109824,0.011560693641618497
28,EL,12,33,47,1,93,0.26666666666666666,0.7333333333333333,0.5053763440860215,0.010752688172043012
28,FRCO,134,286,318,4,742,0.319047619047619,0.680952380952381,0.42857142857142855,0.005390835579514825
28,HAT,101,209,183,4,497,0.3258064516129032,0.6741935483870968,0.3682092555331992,0.008048289738430584
28,KDH,1061,1889,2698,56,5704,0.35966101694915253,0.6403389830508475,0.4730014025245442,0.009817671809256662
28,KTHK,488,1129,1381,19,3017,0.3017934446505875,0.6982065553494124,0.45773947630096123,0.006297646668876367
28,MATO,1068,1625,2065,26,4784,0.3965837356108429,0.6034162643891571,0.43164715719063546,0.005434782608695652
28,MH,78,157,215,3,453,0.33191489361702126,0.6680851063829787,0.4746136865342163,0.006622516556291391
28,NGHD,505,853,1214,10,2582,0.37187039764359353,0.6281296023564065,0.4701781564678544,0.0038729666924864447
28,SOSH,628,1141,1579,14,3362,0.35500282645562464,0.6449971735443754,0.46966091612135635,0.004164187983343248
28,STPT,22,74,53,0,149,0.22916666666666666,0.7708333333333334,0.35570469798657717,0.0
28,WAN,139,500,371,3,1013,0.21752738654147105,0.7824726134585289,0.36623889437314905,0.0029615004935834156
29,04,954,2936,2030,39,5959,0.24524421593830334,0.7547557840616966,0.34066118476254403,0.0065447222688370535
29,06,382,1628,1083,8,3101,0.1900497512437811,0.8099502487562189,0.3492421799419542,0.0025798129635601417
29,08,173,440,373,4,990,0.2822185970636215,0.7177814029363785,0.37676767676767675,0.00404040404040404
29,10,375,1249,858,14,2496,0.2309113300492611,0.7690886699507389,0.34375,0.005608974358974359
29,12,64,498,299,4,865,0.11387900355871886,0.8861209964412812,0.34566473988439306,0.004624277456647399
29,14,115,1165,536,11,1827,0.08984375,0.91015625,0.29337712096332785,0.0060207991242474
29,16,335,1688,917,17,2957,0.16559565002471577,0.8344043499752842,0.3101115995941833,0.0057490700033818055
29,18,175,1260,702,9,2146,0.12195121951219512,0.8780487804878049,0.3271202236719478,0.004193849021435228
29,20,252,1516,835,14,2617,0.1425339366515837,0.8574660633484162,0.319067634696217,0.005349636988918609
29,22,134,468,327,9,938,0.22259136212624583,0.7774086378737541,0.3486140724946695,0.009594882729211088
29,24,322,758,642,3,1725,0.29814814814814816,0.7018518518518518,0.37217391304347824,0.0017391304347826088
29,26,248,549,373,6,1176,0.3111668757841907,0.6888331242158093,0.3171768707482993,0.00510204081632653
29,28,421,1294,915,12,2642,0.2454810495626822,0.7545189504373178,0.34632853898561694,0.004542013626040878
29,30,832,226,473,4,1535,0.7863894139886578,0.21361058601134217,0.30814332247557,0.0026058631921824105
29,32,436,329,484,8,1257,0.5699346405228758,0.4300653594771242,0.3850437549721559,0.006364359586316627
29,34,522,463,598,9,1592,0.5299492385786801,0.4700507614213198,0.3756281407035176,0.005653266331658292
29,36,355,283,435,13,1086,0.5564263322884012,0.44357366771159873,0.4005524861878453,0.011970534069981584
29,38,519,183,330,9,1041,0.7393162393162394,0.2606837606837607,0.3170028818443804,0.008645533141210375
29,40,543,623,641,8,1815,0.46569468267581476,0.5343053173241853,0.353168044077135,0.004407713498622589
29,42,158,1543,730,17,2448,0.09288653733098177,0.9071134626690183,0.29820261437908496,0.006944444444444444
29,44,569,2014,1040,13,3636,0.22028648857917152,0.7797135114208285,0.28602860286028603,0.0035753575357535755
29,46,280,1376,779,15,2450,0.16908212560386474,0.8309178743961353,0.31795918367346937,0.006122448979591836
29,48,268,1371,738,11,2388,0.1635143380109823,0.8364856619890177,0.30904522613065327,0.0046063651591289785
29,50,329,2067,1035,25,3456,0.13731218697829717,0.8626878130217028,0.2994791666666667,0.007233796296296296
29,52,491,2375,1436,19,4321,0.17131891137473831,0.8286810886252617,0.3323304790557741,0.004397130293913446
29,54,110,1109,551,4,1774,0.09023789991796555,0.9097621000820345,0.310597519729425,0.002254791431792559
29,56,84,796,384,5,1269,0.09545454545454546,0.9045454545454545,0.30260047281323876,0.003940110323089046
29,58,395,1853,1099,25,3372,0.175711743772242,0.824288256227758,0.32591933570581255,0.00741399762752076
29,60,937,1566,1399,32,3934,0.3743507790651219,0.6256492209348782,0.3556176919166243,0.00813421453990849
29,62,604,324,497,7,1432,0.6508620689655172,0.34913793103448276,0.3470670391061452,0.004888268156424581
29,64,655,230,424,6,1315,0.7401129943502824,0.2598870056497175,0.3224334600760456,0.0045627376425855515
29,66,408,591,537,12,1548,0.4084084084084084,0.5915915915915916,0.34689922480620156,0.007751937984496124
29,68,546,735,577,11,1869,0.4262295081967213,0.5737704918032787,0.308721241305511,0.005885500267522739
29,70,237,1316,671,11,2235,0.15260785576303929,0.8473921442369607,0.30022371364653244,0.004921700223713647
29,72,361,1593,971,14,2939,0.18474923234390994,0.8152507676560901,0.33038448451854374,0.004763525008506295
29,74,430,2094,1068,18,3610,0.17036450079239301,0.8296354992076069,0.29584487534626036,0.004986149584487534
29,76,352,1661,964,10,2987,0.17486338797814208,0.825136612021858,0.3227318379645129,0.0033478406427854034
29,78,404,1804,1107,21,3336,0.18297101449275363,0.8170289855072463,0.3318345323741007,0.006294964028776978
29,80A,503,3148,1614,25,5290,0.1377704738427828,0.8622295261572172,0.3051039697542533,0.004725897920604915
29,82,293,1590,928,10,2821,0.15560276155071695,0.844397238449283,0.32896136121942576,0.003544842254519674
29,84,904,2798,1905,27,5634,0.2441923284710967,0.7558076715289033,0.33812566560170393,0.004792332268370607
29,86A,785,1278,1243,23,3329,0.3805138148327678,0.6194861851672322,0.3733854010213277,0.006908981676179033
29,88,380,1237,814,8,2439,0.23500309214594928,0.7649969078540507,0.3337433374333743,0.003280032800328003
3,01,186,579,469,3,1237,0.24313725490196078,0.7568627450980392,0.3791430881164107,0.002425222312045271
3,03A,666,1414,1207,11,3298,0.32019230769230766,0.6798076923076923,0.36597938144329895,0.0033353547604608852
3,04,200,612,473,3,1288,0.24630541871921183,0.7536945812807881,0.3672360248447205,0.002329192546583851
3,06A,277,730,516,9,1532,0.27507447864945384,0.7249255213505462,0.3368146214099217,0.00587467362924282
30,01,156,632,363,4,1155,0.19796954314720813,0.8020304568527918,0.3142857142857143,0.003463203463203463
30,02,126,603,347,5,1081,0.1728395061728395,0.8271604938271605,0.3209990749306198,0.004625346901017576
30,03,216,1525,861,13,2615,0.12406662837449742,0.8759333716255026,0.32925430210325046,0.00497131931166348
30,04,237,838,574,14,1663,0.22046511627906976,0.7795348837209303,0.34515935057125674,0.00841852074564041
30,05,266,1461,852,13,2592,0.15402431962941518,0.8459756803705848,0.3287037037037037,0.005015432098765432
30,06,190,935,502,5,1632,0.1688888888888889,0.8311111111111111,0.3075980392156863,0.0030637254901960784
30,07,219,902,514,12,1647,0.19536128456735058,0.8046387154326494,0.31208257437765635,0.007285974499089253
30,08,496,825,754,10,2085,0.37547312641937924,0.6245268735806208,0.36163069544364507,0.004796163069544364
30,09,351,1098,815,8,2272,0.2422360248447205,0.7577639751552795,0.3587147887323944,0.0035211267605633804
30,10,267,1384,995,10,2656,0.16172016959418534,0.8382798304058147,0.3746234939759036,0.0037650602409638554
30,11,145,956,514,7,1622,0.13169845594913715,0.8683015440508629,0.31689272503082616,0.004315659679408138
30,12,386,1935,1235,13,3569,0.16630762602326582,0.8336923739767341,0.34603530400672455,0.0036424768842813113
30,13,494,1571,1184,20,3269,0.23922518159806294,0.7607748184019371,0.36219027225451206,0.0061180789232181095
30,14,293,1191,865,10,2359,0.19743935309973046,0.8025606469002695,0.36668079694785927,0.00423908435777872
31,ALBE,228,537,464,9,1238,0.2980392156862745,0.7019607843137254,0.37479806138933763,0.007269789983844911
31,BEUL,420,1300,973,9,2702,0.2441860465116279,0.7558139534883721,0.3601036269430052,0.0033308660251665434
31,CALY,124,239,291,0,654,0.3415977961432507,0.6584022038567493,0.44495412844036697,0.0
31,CFRK,58,336,276,3,673,0.14720812182741116,0.8527918781725888,0.4101040118870728,0.004457652303120356
31,CHAR,495,316,349,2,1162,0.6103575832305795,0.38964241676942046,0.3003442340791738,0.0017211703958691911
31,CHIN,159,361,292,7,819,0.3057692307692308,0.6942307692307692,0.35653235653235654,0.008547008547008548
31,CYCK,162,561,472,5,1200,0.22406639004149378,0.7759336099585062,0.3933333333333333,0.004166666666666667
31,FAIS,410,332,438,4,1184,0.5525606469002695,0.4474393530997305,0.36993243243243246,0.0033783783783783786
31,GLIS,117,245,303,2,667,0.32320441988950277,0.6767955801104972,0.4542728635682159,0.0029985007496251873
31,HALL,355,464,469,1,1289,0.43345543345543347,0.5665445665445665,0.3638479441427463,0.0007757951900698216
31,KENA,1080,698,941,10,2729,0.6074240719910011,0.3925759280089989,0.34481495053133016,0.003664345914254306
31,MAGN,467,346,362,7,1182,0.5744157441574416,0.42558425584255843,0.3062605752961083,0.005922165820642978
31,ROSE,522,458,435,3,1418,0.5326530612244897,0.4673469387755102,0.3067700987306065,0.0021156558533145277
31,SMCA,197,469,486,3,1155,0.2957957957957958,0.7042042042042042,0.42077922077922075,0.0025974025974025974
31,WARS,1267,554,786,8,2615,0.6957715540911587,0.3042284459088413,0.3005736137667304,0.0030592734225621415
31,WLLC,1717,1969,1715,20,5421,0.4658166033640803,0.5341833966359197,0.31636229477956096,0.003689356207341819
31,WOLF,251,546,580,5,1382,0.31493099121706397,0.685069008782936,0.4196816208393632,0.00361794500723589
32,,0,0,6,0,6,0.5,0.5,1.0,0.0
32,01,605,47,349,4,1005,0.9279141104294478,0.07208588957055215,0.3472636815920398,0.003980099502487562
32,02,1518,107,1982,13,3620,0.9341538461538461,0.06584615384615385,0.5475138121546961,0.0035911602209944752
32,03,1298,73,853,7,2231,0.9467541940189642,0.05324580598103574,0.3823397579560735,0.0031376064545047063
32,04,912,57,530,4,1503,0.9411764705882353,0.058823529411764705,0.3526280771789754,0.0026613439787092482
32,05,2307,205,2552,19,5083,0.9183917197452229,0.08160828025477707,0.5020657092268346,0.0037379500295101316
32,06,1037,66,596,5,1704,0.9401631912964642,0.05983680870353581,0.34976525821596244,0.0029342723004694834
32,07,1391,79,969,13,2452,0.9462585034013605,0.05374149659863946,0.3951876019575856,0.005301794453507341
32,08,1631,77,973,14,2695,0.9549180327868853,0.045081967213114756,0.36103896103896105,0.005194805194805195
32,09,1432,117,869,3,2421,0.9244673983214977,0.07553260167850226,0.35894258570838494,0.0012391573729863693
32,10,1366,94,988,13,2461,0.9356164383561644,0.06438356164383562,0.4014628199918732,0.005282405526208858
32,12,363,22,245,7,637,0.9428571428571428,0.05714285714285714,0.38461538461538464,0.01098901098901099
32,13,515,30,405,4,954,0.944954128440367,0.05504587155963303,0.42452830188679247,0.0041928721174004195
32,14,1197,122,921,6,2246,0.9075056861258529,0.09249431387414708,0.41006233303650935,0.0026714158504007124
32,15,730,47,487,7,1271,0.9395109395109396,0.06048906048906049,0.3831628638867034,0.0055074744295830055
32,17,1984,137,1491,14,3626,0.9354078264969354,0.06459217350306459,0.4111969111969112,0.003861003861003861
32,18,1146,83,744,16,1989,0.9324654190398698,0.06753458096013018,0.3740573152337858,0.008044243338360985
32,19,1736,157,1051,9,2953,0.9170628631801373,0.08293713681986266,0.35590924483576025,0.0030477480528276328
32,20,1182,43,689,8,1922,0.9648979591836735,0.03510204081632653,0.35848074921956297,0.004162330905306972
32,21,928,62,584,5,1579,0.9373737373737374,0.06262626262626263,0.36985433818872704,0.0031665611146295125
32,22,2475,172,1295,18,3960,0.9350207782395165,0.06497922176048357,0.32702020202020204,0.004545454545454545
32,23,3754,341,2031,23,6149,0.9167277167277167,0.08327228327228327,0.3302976093673768,0.0037404456009107172
32,24,1795,465,1300,18,3578,0.7942477876106194,0.20575221238938052,0.36333147009502514,0.005030743432084964
32,25,1103,717,1209,21,3050,0.606043956043956,0.39395604395604394,0.39639344262295084,0.006885245901639345
32,26,384,445,497,8,1334,0.4632086851628468,0.5367913148371531,0.37256371814092953,0.005997001499250375
32,27,1419,363,1335,15,3132,0.7962962962962963,0.2037037037037037,0.42624521072796934,0.004789272030651341
32,28,1081,925,1422,21,3449,0.5388833499501495,0.4611166500498505,0.41229341838213973,0.006088721368512612
32,29,1871,631,1417,18,3937,0.7478017585931255,0.2521982414068745,0.35991871983743967,0.004572009144018288
32,30-2,4136,492,2401,33,7062,0.8936905790838375,0.1063094209161625,0.3399886717643727,0.004672897196261682
32,30-3,2492,511,1856,29,4888,0.8298368298368298,0.17016317016317017,0.37970540098199673,0.005932896890343699
32,30-4,2401,539,2015,24,4979,0.8166666666666667,0.18333333333333332,0.4046997389033943,0.004820245029122314
32,31,3314,728,2975,38,7055,0.8198911429985156,0.1801088570014844,0.42168674698795183,0.0053862508858965276
32,32,2408,1574,3478,37,7497,0.6047212456052236,0.3952787543947765,0.4639189008936908,0.00493530745631586
32,33-1,2460,767,2514,44,5785,0.7623179423613263,0.2376820576386737,0.4345721694036301,0.0076058772687986175
32,33-2,2382,471,2458,40,5351,0.8349106203995794,0.1650893796004206,0.45935339188936647,0.007475238273219959
32,34-1,1847,194,1178,16,3235,0.9049485546300833,0.0950514453699167,0.36414219474497683,0.004945904173106646
32,34-2,2985,257,1880,34,5156,0.9207279457125231,0.07927205428747687,0.3646237393328161,0.0065942591155934835
32,35-4,2097,486,2009,17,4609,0.8118466898954704,0.18815331010452963,0.4358863093946626,0.003688435669342591
32,35-5,2176,384,1763,14,4337,0.85,0.15,0.406502190454231,0.0032280378141572516
32,36,1373,147,913,9,2442,0.9032894736842105,0.09671052631578947,0.3738738738738739,0.0036855036855036856
32,37,2601,909,2386,14,5910,0.7410256410256411,0.258974358974359,0.40372250423011846,0.0023688663282571912
32,38,3291,608,2845,32,6776,0.8440625801487561,0.1559374198512439,0.4198642266824085,0.004722550177095631
32,40,1126,119,673,9,1927,0.9044176706827309,0.09558232931726908,0.3492475350285418,0.00467047223663726
32,41,848,14,315,5,1182,0.9837587006960556,0.016241299303944315,0.26649746192893403,0.004230118443316413
32,42,751,19,322,6,1098,0.9753246753246754,0.024675324675324677,0.29326047358834245,0.00546448087431694
32,43,3279,641,2652,17,6589,0.8364795918367347,0.1635204081632653,0.4024889968128699,0.002580057671877371
32,44,2684,1058,2579,31,6352,0.7172634954569749,0.2827365045430251,0.40601385390428213,0.004880352644836272
32,45,2225,840,1836,25,4926,0.7259380097879282,0.2740619902120718,0.37271619975639464,0.005075111652456354
32,46,1545,240,1034,17,2836,0.865546218487395,0.13445378151260504,0.36459802538787023,0.005994358251057828
32,47,1149,68,468,2,1687,0.9441248972884141,0.05587510271158587,0.27741553052756374,0.0011855364552459987
32,50,1767,377,1503,14,3661,0.824160447761194,0.17583955223880596,0.41054356733133024,0.0038240917782026767
32,51,2661,379,2142,24,5206,0.875328947368421,0.12467105263157895,0.4114483288513254,0.004610065309258548
32,52,1872,132,983,16,3003,0.9341317365269461,0.0658682634730539,0.32733932733932736,0.005328005328005328
32,53-2,2118,414,2066,19,4617,0.8364928909952607,0.16350710900473933,0.44747671648256443,0.00411522633744856
32,54,3622,473,2802,32,6929,0.8844932844932845,0.11550671550671551,0.4043873574830423,0.004618271034781353
32,55-11,926,28,521,5,1480,0.9706498951781971,0.029350104821802937,0.35202702702702704,0.0033783783783783786
32,55-49,532,4,1097,6,1639,0.9925373134328358,0.007462686567164179,0.6693105552165954,0.0036607687614399025
32,56,2280,492,1873,12,4657,0.8225108225108225,0.1774891774891775,0.4021902512347004,0.002576766158471119
32,57,2261,378,2028,20,4687,0.8567639257294429,0.14323607427055704,0.4326861531896736,0.004267121826328142
33,0101,1169,134,299,7,1609,0.8971603990790483,0.10283960092095165,0.1858297078931013,0.00435052827843381
33,0102,1461,520,584,12,2577,0.7375063099444725,0.26249369005552753,0.22662010089251067,0.004656577415599534
33,0103,938,527,442,4,1911,0.6402730375426621,0.3597269624573379,0.23129251700680273,0.0020931449502878076
33,0104,981,400,477,11,1869,0.7103548153511948,0.28964518464880523,0.2552166934189406,0.005885500267522739
33,0201,481,293,207,3,984,0.6214470284237726,0.3785529715762274,0.21036585365853658,0.003048780487804878
33,0301,194,93,63,1,351,0.6759581881533101,0.3240418118466899,0.1794871794871795,0.002849002849002849
33,0401,309,140,100,2,551,0.688195991091314,0.311804008908686,0.18148820326678766,0.003629764065335753
33,0501,256,125,112,5,498,0.6719160104986877,0.32808398950131235,0.2248995983935743,0.010040160642570281
33,0601,484,135,153,2,774,0.7819063004846527,0.21809369951534732,0.19767441860465115,0.002583979328165375
33,0701,809,202,264,4,1279,0.8001978239366964,0.19980217606330367,0.20641125879593433,0.003127443315089914
33,0801,494,480,304,8,1286,0.5071868583162218,0.4928131416837782,0.2363919129082426,0.006220839813374806
33,0901,310,413,267,5,995,0.4287690179806362,0.5712309820193637,0.26834170854271355,0.005025125628140704
33,1001,809,537,422,8,1776,0.6010401188707281,0.39895988112927194,0.2376126126126126,0.0045045045045045045
33,1101,350,300,181,2,833,0.5384615384615384,0.46153846153846156,0.21728691476590636,0.0024009603841536613
33,1201,2310,100,1199,11,3620,0.9585062240663901,0.04149377593360996,0.33121546961325965,0.0030386740331491712
33,1202,1106,49,632,4,1791,0.9575757575757575,0.04242424242424243,0.3528754885538805,0.002233389168062535
33,1203,1290,753,718,4,2765,0.631424375917768,0.368575624082232,0.2596745027124774,0.0014466546112115732
33,1204,1001,56,394,0,1451,0.9470198675496688,0.052980132450331126,0.2715368711233632,0.0
33,1205,625,32,331,0,988,0.9512937595129376,0.0487062404870624,0.3350202429149798,0.0
33,1301,305,461,288,6,1060,0.3981723237597911,0.6018276762402088,0.27169811320754716,0.005660377358490566
33,1401,200,426,242,3,871,0.3194888178913738,0.6805111821086262,0.27784156142365096,0.003444316877152698
34,012,545,1252,999,16,2812,0.30328324986087923,0.6967167501391207,0.35526315789473684,0.005689900426742532
34,013,969,1395,1328,28,3720,0.4098984771573604,0.5901015228426396,0.35698924731182796,0.007526881720430108
34,014,435,844,802,8,2089,0.34010946051602814,0.6598905394839718,0.3839157491622786,0.003829583532790809
34,015,1134,1477,1590,25,4226,0.4343163538873995,0.5656836461126006,0.3762423095125414,0.005915759583530526
34,016,734,894,1026,23,2677,0.45085995085995084,0.5491400491400491,0.38326484871124394,0.008591707134852447
34,017,544,661,705,11,1921,0.45145228215767635,0.5485477178423237,0.3669963560645497,0.005726184279021343
34,021,531,1887,1243,21,3682,0.2196029776674938,0.7803970223325062,0.33758826724606195,0.005703422053231939
34,031,504,754,580,9,1847,0.40063593004769477,0.5993640699523053,0.31402273957769355,0.004872766648619383
34,032,888,1111,996,28,3023,0.4442221110555278,0.5557778889444722,0.32947403241812767,0.009262322196493549
34,033,892,583,738,19,2232,0.6047457627118644,0.3952542372881356,0.33064516129032256,0.008512544802867384
34,034,599,815,692,18,2124,0.42362093352192365,0.5763790664780764,0.3258003766478343,0.00847457627118644
34,042,1288,880,1152,20,3340,0.5940959409594095,0.4059040590405904,0.3449101796407186,0.005988023952095809
34,043,773,842,1004,13,2632,0.4786377708978328,0.5213622291021672,0.38145896656534956,0.004939209726443769
34,051,726,1089,1194,18,3027,0.4,0.6,0.39444995044598613,0.005946481665014866
34,052,243,424,469,6,1142,0.36431784107946025,0.6356821589205397,0.4106830122591944,0.005253940455341506
34,053,510,1221,1001,18,2750,0.29462738301559793,0.7053726169844021,0.364,0.006545454545454545
34,054,535,963,1002,13,2513,0.35714285714285715,0.6428571428571429,0.3987266215678472,0.005173099880620772
34,055,791,1386,1500,19,3696,0.3633440514469453,0.6366559485530546,0.40584415584415584,0.005140692640692641
34,061,576,768,761,9,2114,0.42857142857142855,0.5714285714285714,0.35998107852412486,0.004257332071901609
34,062,382,767,659,9,1817,0.33246301131418626,0.6675369886858138,0.36268574573472756,0.0049532195927352776
34,063,772,1534,1297,25,3628,0.3347788378143972,0.6652211621856028,0.35749724366041896,0.006890848952590959
34,064,285,413,499,16,1213,0.40830945558739257,0.5916905444126075,0.4113767518549052,0.013190436933223413
34,065,947,1575,1518,25,4065,0.3754956383822363,0.6245043616177637,0.37343173431734317,0.006150061500615006
34,066,485,1048,861,15,2409,0.31637312459230266,0.6836268754076973,0.3574097135740971,0.0062266500622665
34,067,471,595,619,10,1695,0.44183864915572235,0.5581613508442776,0.36519174041297936,0.0058997050147492625
34,068,546,1058,968,16,2588,0.3403990024937656,0.6596009975062345,0.3740340030911901,0.0061823802163833074
34,071,793,1279,1403,20,3495,0.3827220077220077,0.6172779922779923,0.4014306151645207,0.005722460658082976
34,073,579,1512,1260,24,3375,0.2769010043041607,0.7230989956958394,0.37333333333333335,0.0071111111111111115
34,074,931,1029,1399,20,3379,0.475,0.525,0.41402781888132584,0.005918910920390648
34,075,125,345,284,8,762,0.26595744680851063,0.7340425531914894,0.37270341207349084,0.010498687664041995
34,076,628,1064,1115,17,2824,0.37115839243498816,0.6288416075650118,0.3948300283286119,0.0060198300283286115
34,077,701,863,1069,15,2648,0.44820971867007675,0.5517902813299232,0.40370090634441086,0.0056646525679758305
34,081,1305,682,1139,18,3144,0.6567689984901862,0.3432310015098138,0.3622773536895674,0.0057251908396946565
34,083,877,485,545,9,1916,0.643906020558003,0.35609397944199705,0.28444676409185804,0.004697286012526096
34,084,1125,406,624,6,2161,0.7348138471587198,0.2651861528412802,0.2887552059231837,0.002776492364645997
34,085,579,833,715,12,2139,0.41005665722379603,0.589943342776204,0.3342683496961197,0.005610098176718092
34,091,349,978,714,19,2060,0.2629992464204974,0.7370007535795027,0.3466019417475728,0.009223300970873786
34,092,246,847,603,9,1705,0.2250686184812443,0.7749313815187557,0.3536656891495601,0.005278592375366569
34,101,704,490,664,15,1873,0.5896147403685092,0.4103852596314908,0.35451147891083823,0.00800854244527496
34,111,280,875,544,8,1707,0.24242424242424243,0.7575757575757576,0.3186877562975981,0.0046865846514352666
34,112,624,1334,962,19,2939,0.31869254341164455,0.6813074565883555,0.32732221844164683,0.006464783940115686
34,121,1125,705,1113,15,2958,0.6147540983606558,0.38524590163934425,0.3762677484787018,0.005070993914807302
34,123,946,837,1000,17,2800,0.5305664610207516,0.46943353897924844,0.35714285714285715,0.006071428571428571
34,124,1351,523,1039,14,2927,0.7209178228388474,0.27908217716115263,0.35497096002733175,0.004783054321831227
34,131,936,1162,1424,25,3547,0.446139180171592,0.553860819828408,0.40146602762898226,0.007048209754722301
34,132,1214,1398,1694,27,4333,0.4647779479326187,0.5352220520673813,0.39095315024232635,0.006231248557581353
34,134,589,1236,1336,14,3175,0.32273972602739726,0.6772602739726027,0.42078740157480315,0.004409448818897638
34,135,749,1175,1423,20,3367,0.3892931392931393,0.6107068607068608,0.4226314226314226,0.00594000594000594
34,202,982,195,571,9,1757,0.8343245539507221,0.16567544604927784,0.32498577120091066,0.005122367672168469
34,203,925,48,423,10,1406,0.9506680369989723,0.04933196300102775,0.3008534850640114,0.007112375533428165
34,204,783,98,471,5,1357,0.8887627695800226,0.1112372304199773,0.3470891672807664,0.0036845983787767134
34,205,410,20,211,3,644,0.9534883720930233,0.046511627906976744,0.327639751552795,0.004658385093167702
34,206,878,84,368,8,1338,0.9126819126819127,0.08731808731808732,0.2750373692077728,0.005979073243647235
34,207,1100,218,657,12,1987,0.834597875569044,0.165402124430956,0.33064921992954205,0.006039255158530448
34,208,859,185,671,8,1723,0.8227969348659003,0.1772030651340996,0.3894370284387696,0.0046430644225188625
34,301,404,31,223,5,663,0.9287356321839081,0.07126436781609195,0.33634992458521873,0.007541478129713424
34,302,494,45,262,5,806,0.9165120593692022,0.08348794063079777,0.3250620347394541,0.00620347394540943
34,303,368,15,231,0,614,0.9608355091383812,0.0391644908616188,0.3762214983713355,0.0
34,304,1065,44,397,3,1509,0.9603246167718665,0.03967538322813345,0.26308813783962887,0.0019880715705765406
34,305,897,39,321,4,1261,0.9583333333333334,0.041666666666666664,0.25455987311657413,0.0031720856463124504
34,306,622,130,527,12,1291,0.8271276595744681,0.17287234042553193,0.40821068938807126,0.009295120061967466
34,401,828,103,450,11,1392,0.8893662728249194,0.11063372717508056,0.3232758620689655,0.007902298850574713
34,402,653,38,314,5,1010,0.9450072358900145,0.05499276410998553,0.3108910891089109,0.0049504950495049506
34,403,932,127,647,10,1716,0.8800755429650614,0.11992445703493862,0.377039627039627,0.005827505827505828
34,404,1135,168,833,12,2148,0.8710667689946278,0.1289332310053722,0.3878026070763501,0.00558659217877095
34,405,940,42,782,4,1768,0.9572301425661914,0.04276985743380855,0.4423076923076923,0.0022624434389140274
34,501,1082,107,464,5,1658,0.9100084104289319,0.08999158957106812,0.2798552472858866,0.0030156815440289505
34,502,718,63,345,5,1131,0.9193341869398207,0.08066581306017925,0.3050397877984085,0.004420866489832007
34,503,657,99,444,10,1210,0.8690476190476191,0.13095238095238096,0.3669421487603306,0.008264462809917356
34,504,506,115,393,3,1017,0.8148148148148148,0.18518518518518517,0.3864306784660767,0.0029498525073746312
34,505,782,210,558,9,1559,0.7883064516129032,0.21169354838709678,0.35792174470814625,0.005772931366260423
34,506,693,321,670,8,1692,0.6834319526627219,0.3165680473372781,0.3959810874704492,0.004728132387706856
34,508,1179,486,879,20,2564,0.7081081081081081,0.2918918918918919,0.34282371294851793,0.0078003120124804995
34,509,895,511,786,14,2206,0.6365576102418208,0.3634423897581792,0.3563009972801451,0.006346328195829556
34,601,595,141,619,16,1371,0.8084239130434783,0.19157608695652173,0.45149525893508385,0.011670313639679067
34,602,1696,800,1368,26,3890,0.6794871794871795,0.32051282051282054,0.35167095115681235,0.006683804627249357
34,603,922,223,734,14,1893,0.8052401746724891,0.1947598253275109,0.38774432118330693,0.007395668251452721
34,604,738,189,605,9,1541,0.7961165048543689,0.20388349514563106,0.3926022063595068,0.005840363400389357
34,605,1360,550,1099,22,3031,0.7120418848167539,0.2879581151832461,0.3625866050808314,0.007258330583965688
34,606,640,264,591,13,1508,0.7079646017699115,0.2920353982300885,0.39190981432360744,0.008620689655172414
34,607,838,451,718,20,2027,0.6501163692785105,0.34988363072148954,0.35421805624074987,0.00986679822397632
34,701,414,382,525,8,1329,0.5201005025125628,0.4798994974874372,0.39503386004514673,0.006019563581640331
34,702,584,260,655,8,1507,0.6919431279620853,0.3080568720379147,0.43463835434638354,0.0053085600530856005
34,703,459,177,470,10,1116,0.7216981132075472,0.2783018867924528,0.4211469534050179,0.008960573476702509
34,704,701,275,717,7,1700,0.7182377049180327,0.2817622950819672,0.42176470588235293,0.00411764705882353
34,705,896,441,861,17,2215,0.6701570680628273,0.3298429319371728,0.3887133182844244,0.007674943566591422
34,706,416,234,407,9,1066,0.64,0.36,0.3818011257035647,0.008442776735459663
34,707,441,277,485,13,1216,0.6142061281337048,0.38579387186629527,0.3988486842105263,0.01069078947368421
34,708,1407,1020,1396,21,3844,0.5797280593325093,0.42027194066749074,0.3631633714880333,0.005463059313215401
34,709,1126,658,1049,20,2853,0.6311659192825112,0.3688340807174888,0.367683140553803,0.0070101647388713636
34,801,465,236,513,4,1218,0.6633380884450785,0.33666191155492153,0.4211822660098522,0.003284072249589491
34,802,449,504,618,4,1575,0.47114375655823715,0.5288562434417629,0.3923809523809524,0.0025396825396825397
34,803,372,564,657,6,1599,0.3974358974358974,0.6025641025641025,0.41088180112570355,0.00375234521575985
34,804,381,322,492,5,1200,0.5419630156472262,0.45803698435277385,0.41,0.004166666666666667
34,805,699,646,940,6,2291,0.5197026022304833,0.48029739776951674,0.41030117852466175,0.0026189436927106066
34,806,540,593,671,12,1816,0.4766107678729038,0.5233892321270962,0.3694933920704846,0.006607929515418502
34,807,466,542,743,6,1757,0.4623015873015873,0.5376984126984127,0.42287990893568583,0.003414911781445646
34,808,1130,535,1184,27,2876,0.6786786786786787,0.3213213213213213,0.41168289290681503,0.009388038942976356
34,809,728,779,1125,18,2650,0.48307896483078966,0.5169210351692104,0.42452830188679247,0.006792452830188679
34,901,621,333,722,7,1683,0.6509433962264151,0.3490566037735849,0.42899584076054664,0.0041592394533571005
34,902,954,231,869,17,2071,0.8050632911392405,0.1949367088607595,0.4196040560115886,0.008208594881699663
34,903,963,479,1434,9,2885,0.6678224687933426,0.33217753120665744,0.497053726169844,0.003119584055459272
34,904,1003,247,681,12,1943,0.8024,0.1976,0.350488934637159,0.006176016469377252
34,905,930,352,937,14,2233,0.7254290171606864,0.2745709828393136,0.41961486789072994,0.006269592476489028
34,906,1069,680,1213,15,2977,0.6112064036592338,0.38879359634076616,0.4074571716493114,0.0050386294927779645
34,907,673,380,669,9,1731,0.6391263057929725,0.36087369420702753,0.38648180242634317,0.005199306759098787
34,908,724,766,1089,12,2591,0.48590604026845635,0.5140939597315436,0.42030104206869934,0.004631416441528367
34,909,419,346,487,10,1262,0.5477124183006536,0.4522875816993464,0.38589540412044376,0.00792393026941363
35,01,828,262,446,13,1549,0.7596330275229358,0.24036697247706423,0.2879276952872821,0.008392511297611363
35,02,608,371,476,5,1460,0.6210418794688458,0.37895812053115424,0.32602739726027397,0.003424657534246575
35,03,1276,1201,1437,28,3942,0.5151392813887767,0.48486071861122326,0.3645357686453577,0.007102993404363267
35,05,602,842,794,10,2248,0.4168975069252078,0.5831024930747922,0.35320284697508897,0.004448398576512456
35,06,606,461,524,16,1607,0.5679475164011246,0.4320524835988753,0.3260734287492221,0.009956440572495333
35,07,342,797,689,15,1843,0.30026338893766463,0.6997366110623354,0.37384698860553445,0.008138903960933261
35,08,830,1330,1464,31,3655,0.38425925925925924,0.6157407407407407,0.400547195622435,0.008481532147742818
35,09,455,486,450,5,1396,0.48352816153028694,0.5164718384697131,0.3223495702005731,0.0035816618911174787
35,10,233,337,321,6,897,0.4087719298245614,0.5912280701754385,0.35785953177257523,0.006688963210702341
35,11,673,337,469,9,1488,0.6663366336633664,0.3336633663366337,0.31518817204301075,0.006048387096774193
35,12,431,456,376,3,1266,0.4859075535512965,0.5140924464487034,0.296998420221169,0.002369668246445498
35,13,486,798,765,11,2060,0.37850467289719625,0.6214953271028038,0.3713592233009709,0.005339805825242718
35,14,1115,1833,1887,34,4869,0.37822252374491183,0.6217774762550882,0.38755391250770177,0.006982953378517149
35,15,1592,810,1375,22,3799,0.6627810158201499,0.33721898417985013,0.36193735193471965,0.005790997630955514
35,16,768,415,541,3,1727,0.6491969568892646,0.3508030431107354,0.3132599884192241,0.0017371163867979154
35,17,777,1588,1676,25,4066,0.3285412262156448,0.6714587737843551,0.41219872110182,0.006148548942449582
35,18,887,1346,1650,34,3917,0.3972234661889834,0.6027765338110166,0.4212407454684708,0.008680112330865459
35,19,1987,2517,3175,42,7721,0.44116341030195383,0.5588365896980462,0.4112161637093641,0.005439709882139619
36,10A,559,1397,924,21,2901,0.28578732106339466,0.7142126789366053,0.3185108583247156,0.007238883143743537
36,11A,432,1432,963,15,2842,0.2317596566523605,0.7682403433476395,0.33884588318085856,0.005277973258268825
36,12A,284,1182,668,9,2143,0.1937244201909959,0.8062755798090041,0.3117125524965002,0.004199720018665422
36,13A,315,1621,842,12,2790,0.16270661157024793,0.8372933884297521,0.3017921146953405,0.004301075268817204
36,14A,1152,1983,1584,38,4757,0.3674641148325359,0.6325358851674641,0.3329829724616355,0.007988227874710952
36,15A,1592,702,1038,20,3352,0.6939843068875327,0.3060156931124673,0.3096658711217184,0.0059665871121718375
36,16A,1211,374,708,11,2304,0.7640378548895899,0.23596214511041008,0.3072916666666667,0.004774305555555556
36,17A,622,977,774,22,2395,0.3889931207004378,0.6110068792995622,0.32317327766179543,0.00918580375782881
36,18A,732,1506,1187,21,3446,0.32707774798927614,0.6729222520107239,0.3444573418456181,0.006094022054556007
36,19A,317,1944,1047,26,3334,0.14020344980097302,0.859796550199027,0.3140371925614877,0.007798440311937612
36,1A,883,634,849,18,2384,0.5820698747528016,0.4179301252471984,0.3561241610738255,0.007550335570469799
36,20A,1146,1959,1852,49,5006,0.3690821256038647,0.6309178743961352,0.36995605273671595,0.009788254095085897
36,21A,596,1389,1189,23,3197,0.3002518891687657,0.6997481108312342,0.37191116671879887,0.007194244604316547
36,22A,1062,1163,1380,30,3635,0.47730337078651686,0.5226966292134831,0.3796423658872077,0.008253094910591471
36,23A,926,2076,1646,44,4692,0.3084610259826782,0.6915389740173218,0.35080988917306055,0.00937766410912191
36,24A,829,2224,1461,30,4544,0.27153619390763184,0.7284638060923682,0.3215228873239437,0.006602112676056338
36,25A,704,935,862,15,2516,0.42953020134228187,0.5704697986577181,0.3426073131955485,0.005961844197138315
36,26A,489,844,820,16,2169,0.3668417104276069,0.6331582895723931,0.3780544029506685,0.007376671277086215
36,27A,679,894,903,22,2498,0.431659249841068,0.5683407501589319,0.36148919135308244,0.008807045636509208
36,28A,1184,1083,1228,20,3515,0.5222761358623732,0.4777238641376268,0.3493598862019915,0.005689900426742532
36,29A,1186,1123,1294,25,3628,0.5136422693806842,0.4863577306193157,0.35667034178610807,0.006890848952590959
36,2A,1359,708,1085,19,3171,0.6574746008708273,0.34252539912917274,0.34216335540838855,0.005991800693787449
36,30A,1639,2415,2162,33,6249,0.4042920572274297,0.5957079427725703,0.3459753560569691,0.00528084493518963
36,31A,846,1860,1539,25,4270,0.31263858093126384,0.6873614190687362,0.36042154566744733,0.00585480093676815
36,32A,756,1743,1268,22,3789,0.3025210084033613,0.6974789915966386,0.33465294272895224,0.005806281340723146
36,33A,1017,2314,2001,29,5361,0.3053137196037226,0.6946862803962774,0.3732512590934527,0.005409438537586271
36,34A,857,1702,1698,45,4302,0.33489644392340756,0.6651035560765924,0.3947001394700139,0.010460251046025104
36,35A,345,829,682,12,1868,0.2938671209540034,0.7061328790459966,0.36509635974304067,0.006423982869379015
36,36A,350,736,585,7,1678,0.32228360957642727,0.6777163904235728,0.34862932061978547,0.004171632896305125
36,37A,648,1207,1345,25,3225,0.34932614555256064,0.6506738544474393,0.4170542635658915,0.007751937984496124
36,38A,732,1055,1125,30,2942,0.40962506994963627,0.5903749300503638,0.3823929299796057,0.010197144799456152
36,39A,740,1323,1495,35,3593,0.3587009209888512,0.6412990790111488,0.41608683551349845,0.009741163373225717
36,3A,1243,1414,1347,23,4027,0.4678208505833647,0.5321791494166354,0.334492177799851,0.005711447727837099
36,40A,893,2315,1957,34,5199,0.27836658354114713,0.7216334164588528,0.37641854202731295,0.006539719176764763
36,4A,972,1763,1334,30,4099,0.3553930530164534,0.6446069469835466,0.3254452305440351,0.007318858258111734
36,5A,1411,1565,1496,24,4496,0.4741263440860215,0.5258736559139785,0.33274021352313166,0.005338078291814947
36,6A,827,1733,1179,28,3767,0.323046875,0.676953125,0.3129811521104327,0.007432970533581099
36,7A,532,755,616,9,1912,0.4133644133644134,0.5866355866355867,0.32217573221757323,0.004707112970711297
36,8A,609,1618,1039,23,3289,0.27346205657835654,0.7265379434216435,0.3159014898145333,0.006993006993006993
36,9A,260,1138,681,15,2094,0.1859799713876967,0.8140200286123033,0.32521489971346706,0.0071633237822349575
37,,0,1,0,0,1,0.0,1.0,0.0,0.0
37,1,565,288,361,7,1221,0.6623681125439624,0.3376318874560375,0.29565929565929566,0.005733005733005733
37,2,241,262,359,3,865,0.47912524850894633,0.5208747514910537,0.41502890173410406,0.003468208092485549
37,3,680,468,599,5,1752,0.5923344947735192,0.4076655052264808,0.3418949771689498,0.0028538812785388126
37,4N,319,533,455,8,1315,0.3744131455399061,0.6255868544600939,0.34600760456273766,0.006083650190114068
37,4S,370,190,237,1,798,0.6607142857142857,0.3392857142857143,0.29699248120300753,0.0012531328320802004
37,5,316,296,307,1,920,0.5163398692810458,0.48366013071895425,0.33369565217391306,0.0010869565217391304
38,EAST,304,1163,715,9,2191,0.20722563053851398,0.792774369461486,0.32633500684618894,0.004107713372889092
38,STEC,145,636,327,4,1112,0.1856594110115237,0.8143405889884763,0.29406474820143885,0.0035971223021582736
38,TAPO,26,251,134,2,413,0.09386281588447654,0.9061371841155235,0.324455205811138,0.004842615012106538
38,WEST,306,914,595,6,1821,0.25081967213114753,0.7491803278688525,0.32674354750137286,0.0032948929159802307
39,ANTI,505,175,248,4,932,0.7426470588235294,0.25735294117647056,0.26609442060085836,0.004291845493562232
39,BERE,526,435,472,4,1437,0.5473465140478668,0.45265348595213317,0.32846207376478775,0.0027835768963117608
39,BTNR,1048,577,824,14,2463,0.6449230769230769,0.35507692307692307,0.33455136012992287,0.005684125050751117
39,CORI,816,580,763,9,2168,0.5845272206303725,0.4154727793696275,0.3519372693726937,0.004151291512915129
39,CRDL,896,251,461,3,1611,0.7811682650392328,0.21883173496076722,0.2861576660459342,0.00186219739292365
39,CRDM,1525,1124,1528,22,4199,0.5756889392223481,0.42431106077765196,0.3638961657537509,0.00523934270064301
39,EAOX,866,277,524,1,1668,0.757655293088364,0.24234470691163604,0.31414868105515587,0.0005995203836930455
39,MTEN,1257,1619,1881,33,4790,0.4370653685674548,0.5629346314325452,0.39269311064718165,0.006889352818371607
39,OKHL,439,313,366,3,1121,0.5837765957446809,0.4162234042553192,0.3264942016057092,0.0026761819803746653
39,SALM,651,446,589,5,1691,0.593436645396536,0.406563354603464,0.34831460674157305,0.0029568302779420462
39,SASS,626,574,552,6,1758,0.5216666666666666,0.47833333333333333,0.31399317406143346,0.0034129692832764505
39,SOOX,818,145,395,4,1362,0.8494288681204569,0.1505711318795431,0.290014684287812,0.002936857562408223
39,TYHO,899,1463,1540,22,3924,0.38060965283657916,0.6193903471634208,0.3924566768603466,0.0056065239551478085
39,WILT,1067,2323,2392,40,5822,0.31474926253687313,0.6852507374631268,0.4108553761593954,0.006870491240123669
39,WOEL,686,239,374,7,1306,0.7416216216216216,0.2583783783783784,0.28637059724349156,0.005359877488514548
4,ANS,385,250,278,1,914,0.6062992125984252,0.3937007874015748,0.3041575492341357,0.0010940919037199124
4,BURN,280,538,440,8,1266,0.3422982885085575,0.6577017114914425,0.34755134281200634,0.00631911532385466
4,GULL,436,180,268,2,886,0.7077922077922078,0.2922077922077922,0.30248306997742663,0.002257336343115124
4,LILE,1058,346,534,4,1942,0.7535612535612536,0.24643874643874644,0.2749742533470649,0.0020597322348094747
4,MM,640,101,224,7,972,0.863697705802969,0.13630229419703105,0.23045267489711935,0.00720164609053498
4,PEAC,268,465,426,6,1165,0.3656207366984993,0.6343792633015006,0.36566523605150214,0.005150214592274678
4,POLK,302,211,253,2,768,0.5886939571150097,0.41130604288499023,0.3294270833333333,0.0026041666666666665
4,WADES,2639,805,1580,14,5038,0.766260162601626,0.23373983739837398,0.31361651448987693,0.00277888050813815
4,WS,98,115,87,1,301,0.460093896713615,0.539906103286385,0.28903654485049834,0.0033222591362126247
40,ARBA,370,180,265,2,817,0.6727272727272727,0.32727272727272727,0.3243574051407589,0.0024479804161566705
40,BEAR,240,221,273,3,737,0.5206073752711496,0.4793926247288503,0.3704206241519674,0.004070556309362279
40,BULL,294,204,231,2,731,0.5903614457831325,0.40963855421686746,0.31600547195622436,0.0027359781121751026
40,CAST,240,255,286,2,783,0.48484848484848486,0.5151515151515151,0.3652618135376756,0.002554278416347382
40,HOOK,268,188,252,1,709,0.5877192982456141,0.41228070175438597,0.3554301833568406,0.0014104372355430183
40,MAUR,524,345,512,2,1383,0.6029919447640967,0.3970080552359033,0.37020968908170643,0.0014461315979754157
40,SH#1,610,301,468,6,1385,0.6695938529088913,0.33040614709110866,0.3379061371841155,0.004332129963898917
40,SHIN,460,371,534,3,1368,0.5535499398315282,0.4464500601684717,0.39035087719298245,0.0021929824561403508
40,SUGG,344,209,316,0,869,0.6220614828209765,0.3779385171790235,0.36363636363636365,0.0
40,WALS,392,231,306,2,931,0.6292134831460674,0.3707865168539326,0.32867883995703545,0.0021482277121374865
41,,5,3,10,0,18,0.625,0.375,0.5555555555555556,0.0
41,CG1,959,625,982,19,2585,0.6054292929292929,0.39457070707070707,0.3798839458413926,0.007350096711798839
41,CG2,620,603,830,13,2066,0.5069501226492232,0.49304987735077677,0.40174249757986447,0.0062923523717328175
41,CG3A,572,374,645,10,1601,0.6046511627906976,0.3953488372093023,0.4028732042473454,0.006246096189881324
41,CG3B,936,731,1149,11,2827,0.5614877024595081,0.4385122975404919,0.4064379200565971,0.0038910505836575876
41,FEN1,1657,663,971,19,3310,0.7142241379310345,0.2857758620689655,0.29335347432024167,0.005740181268882176
41,FEN2,524,800,654,10,1988,0.3957703927492447,0.6042296072507553,0.3289738430583501,0.005030181086519115
41,FR1,1713,766,1379,16,3874,0.691004437273094,0.30899556272690604,0.3559628291171915,0.004130098089829634
41,FR2,705,653,838,12,2208,0.5191458026509573,0.4808541973490427,0.3795289855072464,0.005434782608695652
41,FR3,518,408,629,6,1561,0.5593952483801296,0.4406047516198704,0.4029468289557976,0.003843689942344651
41,FR4,356,467,496,5,1324,0.43256379100850545,0.5674362089914945,0.37462235649546827,0.0037764350453172208
41,FR5A,557,528,878,11,1974,0.5133640552995392,0.48663594470046084,0.4447821681864235,0.005572441742654508
41,FR5B,341,435,557,10,1343,0.43943298969072164,0.5605670103092784,0.41474311243484735,0.007446016381236039
41,G01,495,33,409,6,943,0.9375,0.0625,0.4337221633085896,0.006362672322375398
41,G02,605,207,520,9,1341,0.7450738916256158,0.25492610837438423,0.3877703206562267,0.006711409395973154
41,G03,980,90,443,10,1523,0.9158878504672897,0.08411214953271028,0.29087327642810246,0.006565988181221274
41,G04,1006,70,549,7,1632,0.9349442379182156,0.06505576208178439,0.33639705882352944,0.00428921568627451
41,G05,832,37,334,7,1210,0.9574223245109321,0.04257767548906789,0.27603305785123966,0.005785123966942148
41,G06,902,30,352,7,1291,0.9678111587982833,0.032188841201716736,0.2726568551510457,0.005422153369481022
41,G07,929,273,645,13,1860,0.7728785357737105,0.2271214642262895,0.3467741935483871,0.006989247311827957
41,G08,1124,268,766,10,2168,0.8074712643678161,0.1925287356321839,0.3533210332103321,0.004612546125461255
41,G09,1496,252,934,14,2696,0.8558352402745996,0.14416475972540047,0.3464391691394659,0.0051928783382789315
41,G10,1404,277,836,17,2534,0.8352171326591314,0.16478286734086853,0.32991318074191,0.006708760852407261
41,G11,664,173,624,14,1475,0.7933094384707288,0.2066905615292712,0.4230508474576271,0.009491525423728813
41,G12,465,85,393,7,950,0.8454545454545455,0.15454545454545454,0.41368421052631577,0.007368421052631579
41,G13,512,195,525,9,1241,0.7241867043847242,0.2758132956152758,0.42304593070104757,0.007252215954875101
41,G14,495,154,459,6,1114,0.7627118644067796,0.23728813559322035,0.4120287253141831,0.005385996409335727
41,G15,501,198,508,12,1219,0.7167381974248928,0.2832618025751073,0.4167350287120591,0.009844134536505332
41,G16,522,323,575,6,1426,0.6177514792899408,0.38224852071005916,0.4032258064516129,0.004207573632538569
41,G17,568,372,666,8,1614,0.6042553191489362,0.39574468085106385,0.41263940520446096,0.004956629491945477
41,G18,323,405,491,7,1226,0.44368131868131866,0.5563186813186813,0.400489396411093,0.005709624796084829
41,G19,460,467,560,9,1496,0.4962243797195254,0.5037756202804746,0.37433155080213903,0.006016042780748663
41,G20,709,627,910,9,2255,0.530688622754491,0.469311377245509,0.4035476718403548,0.003991130820399113
41,G21,1110,806,1161,17,3094,0.5793319415448852,0.42066805845511485,0.37524240465416936,0.005494505494505495
41,G22,452,616,645,7,1720,0.4232209737827715,0.5767790262172284,0.375,0.004069767441860465
41,G23,517,215,535,7,1274,0.7062841530054644,0.2937158469945355,0.41993720565149134,0.005494505494505495
41,G24,614,194,506,10,1324,0.7599009900990099,0.2400990099009901,0.3821752265861027,0.0075528700906344415
41,G25,593,385,600,13,1591,0.6063394683026585,0.3936605316973415,0.3771213073538655,0.008170961659333752
41,G26,1486,424,1115,16,3041,0.7780104712041885,0.22198952879581152,0.3666557053600789,0.005261427162117725
41,G27,894,763,1024,12,2693,0.5395292697646349,0.4604707302353651,0.38024507983661343,0.004455997029335313
41,G28,396,231,352,7,986,0.631578947368421,0.3684210526315789,0.35699797160243407,0.007099391480730223
41,G29,579,255,545,14,1393,0.6942446043165468,0.3057553956834532,0.3912419239052405,0.010050251256281407
41,G30,552,517,604,8,1681,0.5163704396632367,0.48362956033676335,0.3593099345627603,0.004759071980963712
41,G31,458,311,583,7,1359,0.5955786736020806,0.4044213263979194,0.4289919058130979,0.0051508462104488595
41,G32,741,602,880,9,2232,0.5517498138495904,0.4482501861504095,0.3942652329749104,0.004032258064516129
41,G33,527,429,643,9,1608,0.551255230125523,0.448744769874477,0.39987562189054726,0.005597014925373134
41,G34,544,485,704,10,1743,0.5286686103012633,0.4713313896987366,0.4039013195639702,0.005737234652897304
41,G35,411,255,451,5,1122,0.6171171171171171,0.38288288288288286,0.4019607843137255,0.004456327985739751
41,G36,646,328,700,6,1680,0.6632443531827515,0.33675564681724846,0.4166666666666667,0.0035714285714285713
41,G37,1002,304,846,14,2166,0.7672281776416539,0.2327718223583461,0.39058171745152354,0.006463527239150508
41,G38,894,454,841,8,2197,0.6632047477744807,0.3367952522255193,0.38279472007282656,0.0036413290851160674
41,G39,484,259,545,8,1296,0.6514131897711979,0.34858681022880217,0.42052469135802467,0.006172839506172839
41,G40A1,495,431,620,9,1555,0.5345572354211663,0.4654427645788337,0.3987138263665595,0.005787781350482315
41,G40A2,471,277,432,4,1184,0.6296791443850267,0.37032085561497324,0.36486486486486486,0.0033783783783783786
41,G40B,425,377,545,11,1358,0.529925187032419,0.470074812967581,0.4013254786450663,0.008100147275405008
41,G41A,501,297,549,9,1356,0.6278195488721805,0.37218045112781956,0.40486725663716816,0.00663716814159292
41,G41B,607,512,716,12,1847,0.5424486148346738,0.4575513851653262,0.3876556578234976,0.006497022198159177
41,G42A,533,386,489,3,1411,0.5799782372143635,0.4200217627856366,0.3465627214741318,0.002126151665485471
41,G42B,432,292,302,1,1027,0.5966850828729282,0.40331491712707185,0.2940603700097371,0.0009737098344693282
41,G43,1027,379,833,22,2261,0.7304409672830725,0.26955903271692744,0.3684210526315789,0.009730207872622734
41,G44,856,113,875,24,1868,0.8833849329205367,0.11661506707946337,0.4684154175588865,0.01284796573875803
41,G45,723,45,1243,10,2021,0.94140625,0.05859375,0.6150420583869372,0.004948045522018802
41,G46,1375,77,751,8,2211,0.946969696969697,0.05303030303030303,0.33966530981456355,0.003618272274988693
41,G47,1041,170,914,16,2141,0.8596201486374897,0.14037985136251033,0.4269033162073797,0.007473143390938813
41,G48,1326,290,1237,16,2869,0.8205445544554455,0.17945544554455445,0.43116068316486583,0.0055768560474032764
41,G49,469,104,425,9,1007,0.8184991273996509,0.18150087260034903,0.42204568023833167,0.00893743793445879
41,G50,1233,243,965,14,2455,0.8353658536585366,0.16463414634146342,0.39307535641547864,0.005702647657841141
41,G51,721,263,582,9,1575,0.7327235772357723,0.26727642276422764,0.36952380952380953,0.005714285714285714
41,G52,934,112,408,7,1461,0.892925430210325,0.10707456978967496,0.2792607802874743,0.004791238877481177
41,G53,1491,128,643,4,2266,0.9209388511426807,0.07906114885731934,0.28375992939099737,0.00176522506619594
41,G54,1221,144,633,9,2007,0.8945054945054945,0.1054945054945055,0.3153961136023916,0.004484304932735426
41,G55,1305,183,547,6,2041,0.8770161290322581,0.12298387096774194,0.26800587947084764,0.002939735423811857
41,G56,746,203,478,2,1429,0.78609062170706,0.21390937829293993,0.3344996501049685,0.0013995801259622112
41,G57,963,169,445,6,1583,0.8507067137809188,0.14929328621908128,0.28111181301326593,0.003790271636133923
41,G58,768,173,518,4,1463,0.8161530286928799,0.18384697130712008,0.35406698564593303,0.002734107997265892
41,G59,661,150,386,8,1205,0.815043156596794,0.18495684340320592,0.3203319502074689,0.006639004149377593
41,G60,824,226,537,8,1595,0.7847619047619048,0.21523809523809523,0.3366771159874608,0.005015673981191223
41,G61,857,210,540,7,1614,0.8031865042174321,0.19681349578256796,0.3345724907063197,0.004337050805452293
41,G62,576,247,512,8,1343,0.6998784933171325,0.3001215066828676,0.3812360387192852,0.005956813104988831
41,G63,768,280,528,9,1585,0.732824427480916,0.26717557251908397,0.3331230283911672,0.0056782334384858045
41,G64,1152,325,927,17,2421,0.7799593771157752,0.22004062288422477,0.3828996282527881,0.007021891780256092
41,G65,887,371,835,14,2107,0.705087440381558,0.294912559618442,0.39629805410536306,0.006644518272425249
41,G66,808,439,829,12,2088,0.6479550922213312,0.3520449077786688,0.3970306513409962,0.005747126436781609
41,G67,641,42,812,7,1502,0.9385065885797951,0.06149341142020498,0.5406125166444741,0.004660452729693742
41,G68,562,13,819,2,1396,0.9773913043478261,0.022608695652173914,0.586676217765043,0.0014326647564469914
41,G69,995,79,678,15,1767,0.9264432029795159,0.07355679702048418,0.3837011884550085,0.008488964346349746
41,G70,1304,46,810,5,2165,0.965925925925926,0.034074074074074076,0.3741339491916859,0.0023094688221709007
41,G71,1263,82,672,10,2027,0.9390334572490706,0.060966542750929366,0.33152442032560436,0.00493339911198816
41,G72,1450,88,694,14,2246,0.9427828348504551,0.05721716514954486,0.3089937666963491,0.006233303650934996
41,G73,857,39,376,4,1276,0.9564732142857143,0.04352678571428571,0.2946708463949843,0.003134796238244514
41,G74,1229,54,423,6,1712,0.9579111457521434,0.042088854247856584,0.24707943925233644,0.0035046728971962616
41,G75,1015,86,392,3,1496,0.92188919164396,0.07811080835603997,0.2620320855614973,0.002005347593582888
41,GIB,838,944,982,13,2777,0.4702581369248036,0.5297418630751964,0.35361901332373064,0.004681310767014764
41,GR,279,1436,873,10,2598,0.16268221574344024,0.8373177842565598,0.33602771362586603,0.003849114703618168
41,H01,768,299,592,6,1665,0.7197750702905342,0.2802249297094658,0.35555555555555557,0.0036036036036036037
41,H02,501,433,520,18,1472,0.5364025695931478,0.46359743040685225,0.3532608695652174,0.012228260869565218
41,H03,677,238,527,6,1448,0.7398907103825136,0.26010928961748636,0.3639502762430939,0.004143646408839779
41,H04,919,577,844,14,2354,0.6143048128342246,0.3856951871657754,0.35853865760407816,0.00594732370433305
41,H05,1027,220,553,9,1809,0.8235765838011226,0.1764234161988773,0.3056937534549475,0.004975124378109453
41,H06,1053,576,902,11,2542,0.6464088397790055,0.35359116022099446,0.3548387096774194,0.004327301337529505
41,H07,702,105,402,6,1215,0.8698884758364313,0.13011152416356878,0.3308641975308642,0.0049382716049382715
41,H08,559,82,298,6,945,0.8720748829953198,0.12792511700468018,0.31534391534391537,0.006349206349206349
41,H09,735,99,393,8,1235,0.8812949640287769,0.11870503597122302,0.31821862348178137,0.006477732793522267
41,H10,1300,188,615,12,2115,0.8736559139784946,0.12634408602150538,0.2907801418439716,0.005673758865248227
41,H11,843,292,515,5,1655,0.7427312775330397,0.25726872246696036,0.311178247734139,0.0030211480362537764
41,H12,505,168,395,7,1075,0.75037147102526,0.24962852897473997,0.3674418604651163,0.0065116279069767444
41,H13,445,535,595,6,1581,0.45408163265306123,0.5459183673469388,0.3763440860215054,0.003795066413662239
41,H14,346,553,469,11,1379,0.38487208008898777,0.6151279199110122,0.3401015228426396,0.007976794778825236
41,H15,628,455,608,9,1700,0.579870729455217,0.420129270544783,0.35764705882352943,0.005294117647058823
41,H16,343,377,420,9,1149,0.47638888888888886,0.5236111111111111,0.36553524804177545,0.007832898172323759
41,H17,506,172,357,8,1043,0.7463126843657817,0.2536873156342183,0.3422818791946309,0.007670182166826462
41,H18,880,231,424,6,1541,0.7920792079207921,0.2079207920792079,0.27514600908500975,0.003893575600259572
41,H19A,625,110,268,5,1008,0.8503401360544217,0.14965986394557823,0.26587301587301587,0.00496031746031746
41,H19B,365,261,335,5,966,0.5830670926517572,0.4169329073482428,0.34679089026915116,0.005175983436853002
41,H20A,372,283,379,9,1043,0.5679389312977099,0.43206106870229005,0.36337488015340363,0.00862895493767977
41,H20B,449,346,523,10,1328,0.5647798742138365,0.43522012578616354,0.3938253012048193,0.007530120481927711
41,H21,397,411,443,17,1268,0.49133663366336633,0.5086633663366337,0.34936908517350157,0.013406940063091483
41,H22,509,316,407,10,1242,0.616969696969697,0.38303030303030305,0.3276972624798712,0.008051529790660225
41,H23,349,479,469,8,1305,0.4214975845410628,0.5785024154589372,0.3593869731800766,0.006130268199233717
41,H24,693,759,802,11,2265,0.4772727272727273,0.5227272727272727,0.354083885209713,0.004856512141280353
41,H25,886,1115,1093,18,3112,0.4427786106946527,0.5572213893053474,0.3512210796915167,0.005784061696658098
41,H26,569,568,733,9,1879,0.5004397537379067,0.4995602462620932,0.39010111761575306,0.004789781798829164
41,H27-A,611,575,764,15,1965,0.515177065767285,0.484822934232715,0.3888040712468193,0.007633587786259542
41,H27-B,626,521,756,9,1912,0.5457715780296426,0.45422842197035745,0.39539748953974896,0.004707112970711297
41,H28,991,657,931,10,2589,0.6013349514563107,0.39866504854368934,0.3595983005021244,0.003862495171881035
41,H29A,932,449,792,15,2188,0.6748732802317161,0.32512671976828383,0.3619744058500914,0.006855575868372943
41,H29B,1034,485,901,13,2433,0.6807109940750494,0.31928900592495063,0.3703247020139745,0.005343197698314837
41,JAM1,752,904,948,14,2618,0.45410628019323673,0.5458937198067633,0.36210847975553856,0.0053475935828877
41,JAM2,547,514,715,10,1786,0.5155513666352498,0.48444863336475025,0.40033594624860025,0.005599104143337066
41,JAM3,663,704,723,9,2099,0.48500365764447695,0.514996342355523,0.34444973797046213,0.004287756074321105
41,JAM4,686,1101,977,20,2784,0.3838836038052602,0.6161163961947398,0.350933908045977,0.007183908045977011
41,JAM5,242,702,461,2,1407,0.2563559322033898,0.7436440677966102,0.32764747690120827,0.0014214641080312722
41,JEF1,1087,941,947,12,2987,0.5359960552268245,0.4640039447731755,0.3170405088717777,0.004017408771342484
41,JEF2,1177,507,875,10,2569,0.6989311163895487,0.3010688836104513,0.3405994550408719,0.003892565200467108
41,JEF3,2211,388,1016,9,3624,0.8507118122354752,0.14928818776452482,0.2803532008830022,0.0024834437086092716
41,JEF4,664,552,591,13,1820,0.5460526315789473,0.45394736842105265,0.32472527472527474,0.007142857142857143
41,MON1,1636,505,1102,16,3259,0.7641289117234937,0.2358710882765063,0.33814053390610616,0.00490948143602332
41,MON2A,1553,398,1041,22,3014,0.796002050230651,0.20399794976934904,0.34538818845388186,0.0072992700729927005
41,MON2B,808,293,517,7,1625,0.7338782924613987,0.26612170753860126,0.3181538461538462,0.0043076923076923075
41,MON3,1328,1861,1676,26,4891,0.41643148322358103,0.583568516776419,0.3426702105908812,0.00531588632181558
41,NCGR1,713,1269,1465,23,3470,0.35973763874873865,0.6402623612512613,0.42219020172910665,0.006628242074927954
41,NCGR2,470,1201,1006,17,2694,0.2812687013764213,0.7187312986235787,0.3734224201930215,0.006310319227913883
41,NCLAY1,660,896,829,11,2396,0.4241645244215938,0.5758354755784062,0.3459933222036728,0.004590984974958264
41,NCLAY2,246,646,430,6,1328,0.2757847533632287,0.7242152466367713,0.32379518072289154,0.004518072289156626
41,NDRI,578,1255,1158,10,3001,0.3153300600109111,0.6846699399890889,0.3858713762079307,0.003332222592469177
41,NMAD,1645,921,1152,19,3737,0.6410756040530008,0.3589243959469992,0.30826866470430825,0.005084292213005084
41,NWASH,154,675,343,4,1176,0.18576598311218334,0.8142340168878166,0.2916666666666667,0.003401360544217687
41,OR1,709,1790,1711,26,4236,0.28371348539415764,0.7162865146058424,0.40391879131255903,0.006137865911237016
41,OR2,504,1152,1185,18,2859,0.30434782608695654,0.6956521739130435,0.4144805876180483,0.0062959076600209865
41,PG1,451,656,543,12,1662,0.4074074074074074,0.5925925925925926,0.3267148014440433,0.007220216606498195
41,PG2,442,1309,847,6,2604,0.2524271844660194,0.7475728155339806,0.32526881720430106,0.002304147465437788
41,RC1,1647,1022,1445,20,4134,0.6170850505807418,0.38291494941925813,0.34954039671020803,0.004837929366231253
41,RC2,2024,1579,2066,32,5701,0.5617540938107133,0.4382459061892867,0.3623925627082968,0.0056130503420452555
41,SCLAY,290,1025,574,11,1900,0.22053231939163498,0.779467680608365,0.3021052631578947,0.005789473684210527
41,SDRI,1782,2178,2527,40,6527,0.45,0.55,0.3871610234410909,0.006128389765589092
41,SF1,575,1394,1441,20,3430,0.2920264093448451,0.7079735906551549,0.42011661807580175,0.0058309037900874635
41,SF2,285,822,631,10,1748,0.25745257452574527,0.7425474254742548,0.3609839816933638,0.005720823798627002
41,SF3,719,851,1102,17,2689,0.45796178343949046,0.5420382165605095,0.4098177761249535,0.006322052807735217
41,SF4,780,1291,1492,17,3580,0.3766296475132786,0.6233703524867213,0.41675977653631285,0.0047486033519553075
41,SMAD,789,858,764,13,2424,0.4790528233151184,0.5209471766848816,0.31518151815181517,0.005363036303630363
41,STOK,807,2225,1888,30,4950,0.26616094986807387,0.7338390501319261,0.3814141414141414,0.006060606060606061
41,SUM1,1041,399,631,7,2078,0.7229166666666667,0.27708333333333335,0.30365736284889316,0.003368623676612127
41,SUM2,1219,447,748,6,2420,0.7316926770708283,0.26830732292917164,0.3090909090909091,0.0024793388429752068
41,SUM3,186,500,364,3,1053,0.27113702623906705,0.7288629737609329,0.345679012345679,0.002849002849002849
41,SUM4,221,1068,573,11,1873,0.17145073700543056,0.8285492629945694,0.3059263214095035,0.0058729311265349705
41,SWASH,145,527,314,4,990,0.21577380952380953,0.7842261904761905,0.31717171717171716,0.00404040404040404
42,BUTWD,150,48,104,1,303,0.7575757575757576,0.24242424242424243,0.3432343234323432,0.0033003300330033004
42,CONC,173,32,69,1,275,0.8439024390243902,0.15609756097560976,0.2509090909090909,0.0036363636363636364
42,ENF 2,768,69,173,4,1014,0.9175627240143369,0.08243727598566308,0.17061143984220908,0.0039447731755424065
42,ENF1,1281,137,317,8,1743,0.9033850493653033,0.09661495063469676,0.18187033849684453,0.004589787722317842
42,FAUCT,447,195,357,2,1001,0.6962616822429907,0.3037383177570093,0.35664335664335667,0.001998001998001998
42,HAL,652,104,263,0,1019,0.8624338624338624,0.13756613756613756,0.25809617271835134,0.0
42,HOL,1283,84,287,1,1655,0.9385515727871251,0.061448427212874905,0.17341389728096676,0.0006042296072507553
42,HPR,475,168,179,2,824,0.7387247278382582,0.26127527216174184,0.21723300970873785,0.0024271844660194173
42,LIT,1124,517,889,5,2535,0.6849482023156612,0.31505179768433883,0.3506903353057199,0.0019723865877712033
42,RINGW,830,76,152,1,1059,0.9161147902869757,0.08388520971302428,0.14353163361661944,0.0009442870632672333
42,RR 10,799,341,932,1,2073,0.7008771929824561,0.29912280701754385,0.44958996623251324,0.000482392667631452
42,RR 11,778,411,925,4,2118,0.6543313708999159,0.3456686291000841,0.43673276676109535,0.0018885741265344666
42,RR1-2,367,173,448,3,991,0.6796296296296296,0.32037037037037036,0.4520686175580222,0.0030272452068617556
42,RR3-4,460,400,853,8,1721,0.5348837209302325,0.46511627906976744,0.49564206856478793,0.004648460197559558
42,RR7-9,1856,320,868,12,3056,0.8529411764705882,0.14705882352941177,0.28403141361256545,0.003926701570680628
42,RRCE,898,513,984,9,2404,0.6364280652019844,0.3635719347980156,0.40931780366056575,0.0037437603993344427
42,SN,1089,202,334,6,1631,0.8435321456235476,0.15646785437645236,0.20478234212139793,0.003678724708767627
42,WEL 3,1000,200,497,3,1700,0.8333333333333334,0.16666666666666666,0.2923529411764706,0.0017647058823529412
42,WEL1-2,663,82,292,2,1039,0.8899328859060402,0.11006711409395974,0.28103946102021177,0.0019249278152069298
43,PR08,2101,3353,3642,89,9185,0.3852218555188852,0.6147781444811148,0.3965160587915079,0.009689711486118672
43,PR23,1464,2441,1959,35,5899,0.37490396927016645,0.6250960307298336,0.33209018477708085,0.005933209018477708
43,PR24,1210,3182,1933,36,6361,0.2755009107468124,0.7244990892531876,0.30388303725829274,0.0056594875019651
43,PR25,1036,1119,773,22,2950,0.48074245939675175,0.5192575406032482,0.2620338983050847,0.007457627118644068
43,PR26,880,1698,1011,28,3617,0.3413498836307215,0.6586501163692785,0.27951340890240534,0.007741222007188278
43,PR28,1559,3457,3154,69,8239,0.3108054226475279,0.6891945773524721,0.382813448234009,0.008374802767326132
43,PR29,1212,1835,1143,27,4217,0.3977682966852642,0.6022317033147359,0.27104576713303297,0.006402655916528338
43,PR32,1025,1912,1524,29,4490,0.3489955737146748,0.6510044262853252,0.3394209354120267,0.0064587973273942095
43,PR33,1541,2188,2383,60,6172,0.4132475194422097,0.5867524805577903,0.386098509397278,0.009721322099805573
43,PR34,1426,2072,2462,60,6020,0.40766152086906804,0.592338479130932,0.4089700996677741,0.009966777408637873
43,PR35,725,1266,1234,27,3252,0.3641386238071321,0.6358613761928679,0.3794587945879459,0.008302583025830259
43,PR36,1671,1706,2297,40,5714,0.4948178856973645,0.5051821143026355,0.40199509975498776,0.007000350017500875
43,PR37,1507,2068,2325,79,5979,0.42153846153846153,0.5784615384615385,0.388861013547416,0.013212911858170263
43,PR38,1064,841,822,17,2744,0.5585301837270341,0.4414698162729659,0.29956268221574345,0.00619533527696793
43,PR39,993,820,900,24,2737,0.5477109762824048,0.45228902371759516,0.3288271830471319,0.00876872488125685
44,AC,491,705,781,11,1988,0.4105351170568562,0.5894648829431438,0.39285714285714285,0.005533199195171026
44,BC,5,7,4,0,16,0.4166666666666667,0.5833333333333334,0.25,0.0
44,BE1,247,554,499,8,1308,0.3083645443196005,0.6916354556803995,0.38149847094801226,0.0061162079510703364
44,BE2,246,446,433,5,1130,0.3554913294797688,0.6445086705202312,0.3831858407079646,0.004424778761061947
44,BE3,389,672,719,9,1789,0.36663524976437323,0.6333647502356268,0.4019005030743432,0.005030743432084964
44,BE4,344,587,669,8,1608,0.3694951664876477,0.6305048335123523,0.416044776119403,0.004975124378109453
44,BE5-6,425,545,665,12,1647,0.4381443298969072,0.5618556701030928,0.4037644201578628,0.007285974499089253
44,BE7,206,487,439,9,1141,0.2972582972582973,0.7027417027417028,0.38475021910604734,0.007887817703768623
44,CE,54,191,114,3,362,0.22040816326530613,0.7795918367346939,0.3149171270718232,0.008287292817679558
44,CLN,430,699,813,9,1951,0.3808680248007086,0.6191319751992914,0.4167093798052281,0.0046130189646335215
44,CLS,482,836,874,21,2213,0.36570561456752654,0.6342943854324734,0.394938996836873,0.009489380930863081
44,CR,388,583,572,12,1555,0.3995880535530381,0.6004119464469619,0.36784565916398715,0.0077170418006430866
44,EF,168,539,404,6,1117,0.2376237623762376,0.7623762376237624,0.36168307967770813,0.005371530886302597
44,FC-1,148,268,291,4,711,0.3557692307692308,0.6442307692307693,0.4092827004219409,0.005625879043600563
44,FC-2,29,52,80,0,161,0.35802469135802467,0.6419753086419753,0.4968944099378882,0.0
44,HA,290,317,378,5,990,0.47775947281713343,0.5222405271828665,0.38181818181818183,0.005050505050505051
44,ID,224,340,402,5,971,0.3971631205673759,0.6028368794326241,0.4140061791967044,0.005149330587023687
44,IH,846,1470,1530,28,3874,0.36528497409326427,0.6347150259067358,0.3949406298399587,0.007227671657201859
44,JC,709,1199,1339,30,3277,0.37159329140461217,0.6284067085953878,0.40860543179737563,0.0091547146780592
44,LJ,553,542,734,7,1836,0.5050228310502283,0.4949771689497717,0.3997821350762527,0.003812636165577342
44,P,447,1132,883,14,2476,0.2830905636478784,0.7169094363521216,0.35662358642972536,0.005654281098546042
44,PC,164,497,430,4,1095,0.2481089258698941,0.7518910741301059,0.3926940639269406,0.0036529680365296802
44,SA,424,716,839,10,1989,0.3719298245614035,0.6280701754385964,0.4218200100553042,0.005027652086475616
44,WC,213,186,360,5,764,0.5338345864661654,0.46616541353383456,0.4712041884816754,0.006544502617801047
44,WE,440,452,615,15,1522,0.49327354260089684,0.5067264573991032,0.4040735873850197,0.00985545335085414
44,WO,57,130,126,5,318,0.3048128342245989,0.6951871657754011,0.39622641509433965,0.015723270440251572
44,WS-1,561,569,800,12,1942,0.4964601769911504,0.5035398230088496,0.411946446961895,0.006179196704428424
44,WS-2,442,463,723,8,1636,0.48839779005524864,0.5116022099447514,0.4419315403422983,0.004889975550122249
44,WW,371,490,629,11,1501,0.43089430894308944,0.5691056910569106,0.41905396402398404,0.0073284477015323115
45,AR,293,487,596,11,1387,0.37564102564102564,0.6243589743589744,0.4297043979812545,0.007930785868781542
45,AT,528,1240,1515,11,3294,0.2986425339366516,0.7013574660633484,0.4599271402550091,0.003339404978749241
45,BC,168,305,368,15,856,0.35517970401691334,0.6448202959830867,0.42990654205607476,0.017523364485981307
45,BK,329,523,648,17,1517,0.38615023474178406,0.613849765258216,0.42715886618325644,0.01120632827949901
45,CB,161,516,534,8,1219,0.2378138847858198,0.7621861152141802,0.4380639868744873,0.006562756357670222
45,CC,626,1425,1597,28,3676,0.3052169673330083,0.6947830326669917,0.43443960826985856,0.007616974972796518
45,CV,115,165,231,0,511,0.4107142857142857,0.5892857142857143,0.4520547945205479,0.0
45,ED,423,1286,1246,21,2976,0.24751316559391456,0.7524868344060854,0.41868279569892475,0.007056451612903226
45,EF,408,910,1026,24,2368,0.3095599393019727,0.6904400606980273,0.43327702702702703,0.010135135135135136
45,ES,399,764,1016,14,2193,0.34307824591573516,0.6569217540842648,0.4632922936616507,0.006383948928408573
45,EV,421,1001,1122,12,2556,0.2960618846694796,0.7039381153305204,0.43896713615023475,0.004694835680751174
45,FL,905,1289,1810,34,4038,0.41248860528714676,0.5875113947128532,0.4482417038137692,0.008420009905894007
45,FR,525,1034,1462,11,3032,0.3367543296985247,0.6632456703014753,0.4821899736147757,0.0036279683377308707
45,GM,274,440,657,8,1379,0.38375350140056025,0.6162464985994398,0.47643219724437996,0.005801305293691081
45,GR,270,1259,909,15,2453,0.17658600392413343,0.8234139960758666,0.37056665307786385,0.006114961271911945
45,HC,595,1170,1432,17,3214,0.3371104815864023,0.6628895184135978,0.44555071561916615,0.005289359054138146
45,HS,415,961,1134,14,2524,0.3015988372093023,0.6984011627906976,0.44928684627575277,0.005546751188589541
45,HV-1,555,558,1040,14,2167,0.49865229110512127,0.5013477088948787,0.47992616520535303,0.006460544531610522
45,HV-2,624,538,1029,12,2203,0.5370051635111877,0.4629948364888124,0.46709033136631867,0.005447117566954153
45,HV-3,558,503,1005,25,2091,0.525918944392083,0.4740810556079171,0.4806312769010043,0.011956001912960305
45,LJ,388,623,989,15,2015,0.3837784371909001,0.6162215628090999,0.49081885856079405,0.007444168734491315
45,LP,403,522,836,9,1770,0.43567567567567567,0.5643243243243243,0.47231638418079097,0.005084745762711864
45,MG,214,428,443,14,1099,0.3333333333333333,0.6666666666666666,0.4030937215650591,0.012738853503184714
45,NB,579,1617,1611,29,3836,0.26366120218579236,0.7363387978142076,0.4199687174139729,0.0075599582898852975
45,NE,514,850,1046,26,2436,0.37683284457478006,0.6231671554252199,0.4293924466338259,0.010673234811165846
45,NM,522,1152,1406,17,3097,0.3118279569892473,0.6881720430107527,0.4539877300613497,0.005489183080400388
45,NW,406,596,861,9,1872,0.405189620758483,0.5948103792415169,0.4599358974358974,0.004807692307692308
45,PR,489,964,1177,14,2644,0.33654507914659326,0.6634549208534067,0.4451588502269289,0.00529500756429652
45,PV,393,575,975,15,1958,0.4059917355371901,0.59400826446281,0.4979570990806946,0.007660878447395302
45,RG,381,845,1020,5,2251,0.3107667210440457,0.6892332789559543,0.45313194135939583,0.002221235006663705
45,RR,166,385,441,5,997,0.30127041742286753,0.6987295825771325,0.44232698094282846,0.0050150451354062184
45,SB,460,1352,1301,23,3136,0.25386313465783666,0.7461368653421634,0.414859693877551,0.007334183673469388
45,SE,270,543,640,12,1465,0.33210332103321033,0.6678966789667896,0.43686006825938567,0.008191126279863481
45,SM,538,1513,1739,14,3804,0.2623110677718186,0.7376889322281813,0.4571503680336488,0.003680336487907466
45,SW,441,820,1098,20,2379,0.34972244250594764,0.6502775574940524,0.46153846153846156,0.008406893652795292
46,A1,1021,171,411,7,1610,0.8565436241610739,0.14345637583892618,0.25527950310559006,0.004347826086956522
46,A2,808,248,502,5,1563,0.7651515151515151,0.23484848484848486,0.32117722328854764,0.003198976327575176
46,A3,663,40,169,3,875,0.9431009957325747,0.05689900426742532,0.19314285714285714,0.0034285714285714284
46,BR,222,23,74,0,319,0.9061224489795918,0.09387755102040816,0.23197492163009403,0.0
46,CM,181,110,124,2,417,0.6219931271477663,0.37800687285223367,0.2973621103117506,0.004796163069544364
46,CO,283,42,90,1,416,0.8707692307692307,0.12923076923076923,0.21634615384615385,0.002403846153846154
46,HV,323,145,197,1,666,0.6901709401709402,0.30982905982905984,0.2957957957957958,0.0015015015015015015
46,M1,1088,224,477,7,1796,0.8292682926829268,0.17073170731707318,0.2655902004454343,0.0038975501113585748
46,M2,562,105,207,4,878,0.8425787106446777,0.15742128935532235,0.2357630979498861,0.004555808656036446
46,ML,132,124,210,2,468,0.515625,0.484375,0.44871794871794873,0.004273504273504274
46,SJ,326,86,156,0,568,0.7912621359223301,0.2087378640776699,0.2746478873239437,0.0
46,UN,414,100,189,3,706,0.8054474708171206,0.19455252918287938,0.26770538243626063,0.00424929178470255
46,WN,662,99,232,3,996,0.8699080157687253,0.13009198423127463,0.23293172690763053,0.0030120481927710845
47,01,118,78,143,2,341,0.6020408163265306,0.3979591836734694,0.41935483870967744,0.005865102639296188
47,02,721,315,790,9,1835,0.6959459459459459,0.30405405405405406,0.4305177111716621,0.004904632152588556
47,03,364,160,294,2,820,0.6946564885496184,0.3053435114503817,0.35853658536585364,0.0024390243902439024
47,04,294,407,367,7,1075,0.4194008559201141,0.5805991440798859,0.3413953488372093,0.0065116279069767444
47,05,480,515,715,8,1718,0.4824120603015075,0.5175879396984925,0.4161816065192084,0.004656577415599534
47,06B,1301,1009,1620,39,3969,0.5632034632034632,0.4367965367965368,0.40816326530612246,0.009826152683295541
47,12,956,1161,1567,27,3711,0.45158242796410014,0.5484175720358998,0.42225815144165996,0.007275666936135812
47,13,350,386,587,7,1330,0.47554347826086957,0.5244565217391305,0.4413533834586466,0.005263157894736842
47,14,1809,896,1827,43,4575,0.6687615526802219,0.3312384473197782,0.39934426229508196,0.009398907103825137
47,15,1118,557,1201,18,2894,0.6674626865671642,0.3325373134328358,0.4149965445749827,0.006219765031098825
47,61,641,206,458,8,1313,0.7567886658795749,0.24321133412042503,0.3488194973343488,0.006092916984006093
47,62,318,154,385,3,860,0.673728813559322,0.326271186440678,0.4476744186046512,0.0034883720930232558
47,63,1310,484,1183,25,3002,0.7302118171683389,0.2697881828316611,0.39407061958694206,0.008327781479013991
47,64,717,389,799,15,1920,0.6482820976491862,0.35171790235081374,0.4161458333333333,0.0078125
47,65,405,7,164,0,576,0.9830097087378641,0.01699029126213592,0.2847222222222222,0.0
48,BM,39,155,102,1,297,0.20103092783505155,0.7989690721649485,0.3434343434343434,0.003367003367003367
48,ENG,156,107,107,2,372,0.5931558935361216,0.4068441064638783,0.28763440860215056,0.005376344086021506
48,FF,116,56,90,0,262,0.6744186046511628,0.32558139534883723,0.3435114503816794,0.0
48,LL,161,78,140,0,379,0.6736401673640168,0.3263598326359833,0.36939313984168864,0.0
48,OCK,310,129,258,5,702,0.7061503416856492,0.2938496583143508,0.36752136752136755,0.007122507122507123
48,SLAD,98,66,108,0,272,0.5975609756097561,0.4024390243902439,0.39705882352941174,0.0
48,SQ,182,79,167,1,429,0.6973180076628352,0.30268199233716475,0.38927738927738925,0.002331002331002331
49,BA-1,985,2942,2450,32,6409,0.2508276037687802,0.7491723962312198,0.38227492588547357,0.004992978623810267
49,BE,880,2375,1790,20,5065,0.27035330261136714,0.7296466973886329,0.35340572556762095,0.003948667324777887
49,CC1,1216,2383,2698,59,6356,0.3378716310086135,0.6621283689913865,0.42448080553807427,0.009282567652611706
49,CC2,1368,2192,2521,32,6113,0.3842696629213483,0.6157303370786517,0.4123998036970391,0.00523474562407983
49,CC3-1,2035,3947,4507,68,10557,0.3401872283517218,0.6598127716482781,0.4269205266647722,0.00644122383252818
49,CC4-1,743,2057,2082,34,4916,0.26535714285714285,0.7346428571428572,0.42351505288852725,0.006916192026037429
49,CD,674,2276,1610,23,4583,0.22847457627118645,0.7715254237288136,0.35129827623827187,0.005018546803403884
49,CH-A,618,1142,901,12,2673,0.35113636363636364,0.6488636363636363,0.3370744481855593,0.004489337822671156
49,CH-B,436,1337,1067,18,2858,0.24591088550479415,0.7540891144952059,0.3733379986004199,0.006298110566829951
49,CS,443,1268,844,9,2564,0.25891291642314435,0.7410870835768556,0.3291731669266771,0.0035101404056162248
49,DV1A1A,765,2587,2424,43,5819,0.2282219570405728,0.7717780429594272,0.4165664203471387,0.007389585839491322
49,DV1B-1,1081,4771,4095,49,9996,0.18472317156527682,0.8152768284347232,0.4096638655462185,0.004901960784313725
49,DV2A-1,878,2403,2334,33,5648,0.2676013410545565,0.7323986589454434,0.41324362606232296,0.005842776203966006
49,DV2B-1,1208,2856,3120,51,7235,0.297244094488189,0.702755905511811,0.4312370421561852,0.007049067035245335
49,DV3A,775,2025,2116,38,4954,0.2767857142857143,0.7232142857142857,0.4271295922486879,0.007670569236980218
49,EM,147,703,355,3,1208,0.17294117647058824,0.8270588235294117,0.29387417218543044,0.0024834437086092716
49,FT,1467,4324,3655,56,9502,0.25332412364013124,0.7466758763598688,0.3846558619238055,0.00589349610608293
49,NH,106,718,394,2,1220,0.12864077669902912,0.8713592233009708,0.32295081967213113,0.001639344262295082
49,OL,138,688,400,5,1231,0.16707021791767554,0.8329297820823245,0.3249390739236393,0.004061738424045491
49,SB,182,1039,591,5,1817,0.14905814905814907,0.8509418509418509,0.32526141992294993,0.00275178866263071
49,SH-A,434,1480,954,12,2880,0.22675026123301986,0.7732497387669801,0.33125,0.004166666666666667
49,SH-B,406,1580,983,12,2981,0.20443101711983888,0.7955689828801611,0.3297551157329755,0.004025494800402549
49,ST1,895,1466,1454,27,3842,0.3790766624311732,0.6209233375688268,0.3784487246225924,0.007027589796980739
49,ST2,747,865,1004,15,2631,0.4633995037220844,0.5366004962779156,0.38160395286963134,0.005701254275940707
49,ST3,1174,1096,1271,24,3565,0.5171806167400881,0.4828193832599119,0.3565217391304348,0.006732117812061711
49,ST4,746,972,931,19,2668,0.4342258440046566,0.5657741559953434,0.34895052473763116,0.00712143928035982
49,ST5,885,871,952,17,2725,0.5039863325740319,0.4960136674259681,0.3493577981651376,0.006238532110091743
49,ST6,1356,1365,1373,29,4123,0.49834619625137816,0.5016538037486218,0.33300994421537716,0.007033713315546932
49,TB,421,1167,818,15,2421,0.26511335012594456,0.7348866498740554,0.3378769103676167,0.006195786864931847
49,UG,180,830,399,5,1414,0.1782178217821782,0.8217821782178217,0.28217821782178215,0.003536067892503536
5,,3,0,0,0,3,1.0,0.0,0.0,0.0
5,02,149,595,388,5,1137,0.20026881720430106,0.7997311827956989,0.3412489006156552,0.0043975373790677225
5,03,41,258,142,3,444,0.13712374581939799,0.862876254180602,0.31981981981981983,0.006756756756756757
5,04,83,186,189,1,459,0.30855018587360594,0.6914498141263941,0.4117647058823529,0.002178649237472767
5,06,54,214,170,2,440,0.20149253731343283,0.7985074626865671,0.38636363636363635,0.004545454545454545
5,07,63,161,104,0,328,0.28125,0.71875,0.3170731707317073,0.0
5,08,32,92,66,0,190,0.25806451612903225,0.7419354838709677,0.3473684210526316,0.0
5,09,538,1404,1226,12,3180,0.27703398558187436,0.7229660144181257,0.3855345911949686,0.0037735849056603774
5,10,25,109,71,1,206,0.1865671641791045,0.8134328358208955,0.3446601941747573,0.0048543689320388345
5,11,294,829,730,7,1860,0.26179875333926983,0.7382012466607302,0.3924731182795699,0.003763440860215054
5,12,95,304,155,2,556,0.23809523809523808,0.7619047619047619,0.2787769784172662,0.0035971223021582736
5,13,144,550,407,3,1104,0.207492795389049,0.792507204610951,0.3686594202898551,0.002717391304347826
5,14,372,993,772,9,2146,0.2725274725274725,0.7274725274725274,0.3597390493942218,0.004193849021435228
5,15,106,430,315,3,854,0.19776119402985073,0.8022388059701493,0.36885245901639346,0.00351288056206089
5,16,328,977,727,10,2042,0.25134099616858235,0.7486590038314176,0.35602350636630753,0.004897159647404506
5,17,89,385,231,1,706,0.1877637130801688,0.8122362869198312,0.3271954674220963,0.00141643059490085
5,18,18,73,40,1,132,0.1978021978021978,0.8021978021978022,0.30303030303030304,0.007575757575757576
5,20,481,1223,1026,20,2750,0.2822769953051643,0.7177230046948356,0.3730909090909091,0.007272727272727273
50,BCK,261,506,502,5,1274,0.34028683181225555,0.6597131681877445,0.3940345368916798,0.003924646781789639
50,CAN,95,201,175,3,474,0.32094594594594594,0.6790540540540541,0.3691983122362869,0.006329113924050633
50,CAS,305,675,766,6,1752,0.3112244897959184,0.6887755102040817,0.4372146118721461,0.003424657534246575
50,CFK,164,166,248,2,580,0.49696969696969695,0.503030303030303,0.42758620689655175,0.0034482758620689655
50,CUL,1331,929,2800,58,5118,0.5889380530973451,0.41106194690265485,0.5470887065259867,0.011332551778038297
50,GCK,266,338,441,6,1051,0.44039735099337746,0.5596026490066225,0.4196003805899144,0.005708848715509039
50,GLV,270,729,712,8,1719,0.2702702702702703,0.7297297297297297,0.4141942990110529,0.004653868528214078
50,QUA,828,994,1358,28,3208,0.4544456641053787,0.5455543358946213,0.4233167082294264,0.008728179551122194
50,RIV,187,212,332,4,735,0.46867167919799496,0.531328320802005,0.45170068027210886,0.005442176870748299
50,SAV,251,380,475,8,1114,0.3977812995245642,0.6022187004754358,0.4263913824057451,0.00718132854578097
50,SCC,401,541,717,14,1673,0.4256900212314225,0.5743099787685775,0.42857142857142855,0.008368200836820083
50,SDC,1515,1378,2262,27,5182,0.5236778430694781,0.47632215693052193,0.43651099961404866,0.005210343496719413
50,WEB,622,479,765,5,1871,0.5649409627611263,0.43505903723887374,0.40887226082308925,0.002672367717797969
51,PR04,262,475,341,4,1082,0.35549525101763907,0.6445047489823609,0.31515711645101663,0.0036968576709796672
51,PR07,494,1482,929,15,2920,0.25,0.75,0.31815068493150683,0.005136986301369863
51,PR08,289,1144,698,11,2142,0.2016748080949058,0.7983251919050942,0.3258636788048553,0.005135387488328665
51,PR09,1551,2152,2561,44,6308,0.4188495814204699,0.5811504185795301,0.40599239061509196,0.006975269499048827
51,PR10A,1231,891,1482,24,3628,0.5801131008482564,0.41988689915174365,0.4084895259095921,0.006615214994487321
51,PR10B,965,1227,1463,16,3671,0.4402372262773723,0.5597627737226277,0.3985290111686189,0.004358485426314356
51,PR11A,791,969,1059,21,2840,0.44943181818181815,0.5505681818181818,0.372887323943662,0.007394366197183098
51,PR11B,1512,1529,2110,44,5195,0.49720486682012494,0.502795133179875,0.4061597690086622,0.00846968238691049
51,PR12A,1761,1730,2458,29,5978,0.504439988541965,0.49556001145803497,0.41117430578788894,0.004851120776179324
51,PR12B,1399,1925,2156,45,5525,0.42087845968712395,0.5791215403128761,0.3902262443438914,0.008144796380090498
51,PR13,766,1976,1560,22,4324,0.27935813274981763,0.7206418672501823,0.36077705827937095,0.005087881591119334
51,PR14,345,1415,923,23,2706,0.19602272727272727,0.8039772727272727,0.34109386548410936,0.008499630450849963
51,PR19,415,1021,614,9,2059,0.2889972144846797,0.7110027855153204,0.2982030111704711,0.004371053909664886
51,PR20,1197,1841,1892,38,4968,0.39400921658986177,0.6059907834101382,0.3808373590982287,0.007648953301127214
51,PR21,432,1636,1063,18,3149,0.20889748549323017,0.7911025145067698,0.337567481740235,0.0057161003493172435
51,PR22,580,1498,993,14,3085,0.2791145332050048,0.7208854667949952,0.32188006482982173,0.00453808752025932
51,PR23A,900,1953,1881,39,4773,0.31545741324921134,0.6845425867507886,0.3940917661847894,0.008170961659333752
51,PR23B,723,1567,1540,26,3856,0.31572052401746725,0.6842794759825328,0.3993775933609959,0.006742738589211619
51,PR24,923,615,757,19,2314,0.6001300390117035,0.39986996098829647,0.3271391529818496,0.008210890233362144
51,PR25,800,692,844,20,2356,0.5361930294906166,0.46380697050938335,0.35823429541595925,0.008488964346349746
51,PR26,878,567,676,24,2145,0.6076124567474048,0.3923875432525952,0.3151515151515151,0.011188811188811189
51,PR27A,585,477,550,9,1621,0.5508474576271186,0.4491525423728814,0.3392967304133251,0.005552128315854411
51,PR27B,720,1026,972,18,2736,0.41237113402061853,0.5876288659793815,0.35526315789473684,0.006578947368421052
51,PR28,1075,1700,1685,38,4498,0.38738738738738737,0.6126126126126126,0.3746109381947532,0.008448199199644287
51,PR29A,1516,2612,2977,40,7145,0.36724806201550386,0.6327519379844961,0.4166550034989503,0.005598320503848845
51,PR29B,3625,4832,5709,124,14290,0.4286389972803595,0.5713610027196405,0.39951014695591325,0.008677396780965711
51,PR30,1333,1448,1847,28,4656,0.4793239841783531,0.5206760158216469,0.39669243986254293,0.006013745704467354
51,PR31A,770,1289,1423,31,3513,0.37396794560466246,0.6260320543953375,0.40506689439225735,0.008824366638200968
51,PR31B,1645,2293,2868,50,6856,0.41772473336719146,0.5822752666328085,0.41831971995332556,0.007292882147024504
51,PR32,765,1506,1455,31,3757,0.3368560105680317,0.6631439894319683,0.3872770827788129,0.008251264306627629
51,PR33,671,2047,1553,33,4304,0.24687270051508461,0.7531272994849154,0.3608271375464684,0.00766728624535316
51,PR34,2054,1864,2510,55,6483,0.5242470648289944,0.47575293517100564,0.38716643529230294,0.008483726669751657
51,PR35,1080,2532,1516,46,5174,0.29900332225913623,0.7009966777408638,0.29300347893312717,0.00889060688055663
51,PR36,571,1426,988,18,3003,0.28592889334001004,0.71407110665999,0.329004329004329,0.005994005994005994
51,PR37,833,1925,1239,27,4024,0.3020304568527919,0.6979695431472082,0.30790258449304175,0.006709741550695825
51,PR38,290,1179,562,12,2043,0.1974132062627638,0.8025867937372362,0.27508565834557025,0.005873715124816446
52,P01,172,225,206,0,603,0.4332493702770781,0.5667506297229219,0.3416252072968491,0.0
52,P02,68,201,143,1,413,0.2527881040892193,0.7472118959107806,0.34624697336561744,0.002421307506053269
52,P03,99,239,204,1,543,0.29289940828402367,0.7071005917159763,0.3756906077348066,0.001841620626151013
52,P04,518,675,559,9,1761,0.43419949706621963,0.5658005029337804,0.31743327654741627,0.005110732538330494
52,P05,512,339,409,4,1264,0.6016451233842538,0.3983548766157462,0.3235759493670886,0.0031645569620253164
52,P06,97,201,215,1,514,0.32550335570469796,0.674496644295302,0.4182879377431907,0.0019455252918287938
52,P07,428,359,371,5,1163,0.5438373570520966,0.45616264294790343,0.31900257953568356,0.004299226139294927
53,A1,1520,1094,1510,30,4154,0.5814843152257078,0.4185156847742923,0.3635050553683197,0.007221954742416947
53,A2,2000,972,1649,41,4662,0.6729475100942126,0.32705248990578734,0.3537108537108537,0.008794508794508795
53,B1,511,840,829,13,2193,0.37823834196891193,0.6217616580310881,0.37802097583219335,0.005927952576379389
53,B2,690,609,897,23,2219,0.5311778290993071,0.46882217090069284,0.4042361424064894,0.010365029292474088
53,C1,936,1561,1491,43,4031,0.3748498197837405,0.6251501802162596,0.36988340362193006,0.010667328206400397
53,C2,831,1658,1304,13,3806,0.33386902370429894,0.6661309762957011,0.3426169206516027,0.003415659485023647
53,D1,965,1396,1536,30,3927,0.40872511647606946,0.5912748835239305,0.39113827349121466,0.007639419404125287
53,D2,1010,1281,1488,22,3801,0.44085552160628544,0.5591444783937145,0.3914759273875296,0.005787950539331755
53,E1,554,1008,922,18,2502,0.3546734955185659,0.645326504481434,0.36850519584332536,0.007194244604316547
53,E2,1120,1166,1564,27,3877,0.4899387576552931,0.510061242344707,0.40340469435130255,0.006964147536755223
54,C,683,712,538,8,1941,0.48960573476702507,0.5103942652329749,0.2771767130345183,0.004121586810922205
54,FC,951,1355,1227,9,3542,0.41240242844752817,0.5875975715524718,0.34641445511010727,0.002540937323546019
54,I,433,633,547,9,1622,0.40619136960600377,0.5938086303939962,0.3372379778051788,0.005548705302096177
54,K1,344,27,199,2,572,0.9272237196765498,0.07277628032345014,0.3479020979020979,0.0034965034965034965
54,K2,481,37,190,2,710,0.9285714285714286,0.07142857142857142,0.2676056338028169,0.0028169014084507044
54,K3,627,108,335,11,1081,0.8530612244897959,0.1469387755102041,0.3098982423681776,0.010175763182238668
54,K4,925,504,760,14,2203,0.6473058082575227,0.35269419174247724,0.34498411257376305,0.006354970494779845
54,K5,715,144,375,2,1236,0.8323632130384168,0.16763678696158324,0.30339805825242716,0.0016181229773462784
54,K6,1037,158,480,3,1678,0.8677824267782427,0.1322175732217573,0.2860548271752086,0.0017878426698450535
54,K7,885,170,339,3,1397,0.8388625592417062,0.16113744075829384,0.24266284896206156,0.0021474588403722263
54,K8,568,25,176,1,770,0.9578414839797639,0.04215851602023609,0.22857142857142856,0.0012987012987012987
54,K9,1026,253,439,5,1723,0.8021892103205629,0.19781078967943705,0.2547881601857226,0.002901915264074289
54,MH,1261,1036,838,16,3151,0.5489769264257728,0.4510230735742273,0.2659473183116471,0.0050777530942557915
54,N,715,1078,866,9,2668,0.3987730061349693,0.6012269938650306,0.32458770614692656,0.003373313343328336
54,PH1,111,282,176,1,570,0.2824427480916031,0.7175572519083969,0.3087719298245614,0.0017543859649122807
54,PH2,163,508,352,6,1029,0.2429210134128167,0.7570789865871833,0.34207968901846453,0.0058309037900874635
54,SH,111,294,219,3,627,0.2740740740740741,0.725925925925926,0.3492822966507177,0.004784688995215311
54,SW,167,429,303,1,900,0.2802013422818792,0.7197986577181208,0.33666666666666667,0.0011111111111111111
54,T1,234,570,373,4,1181,0.291044776119403,0.7089552238805971,0.31583403895004236,0.003386960203217612
54,T2,131,463,286,3,883,0.22053872053872053,0.7794612794612794,0.32389580973952437,0.0033975084937712344
54,V,760,487,547,8,1802,0.6094627105052125,0.3905372894947875,0.3035516093229745,0.004439511653718091
54,W,175,475,331,5,986,0.2692307692307692,0.7307692307692307,0.3356997971602434,0.005070993914807302
55,AS25,391,1166,686,18,2261,0.25112395632626844,0.7488760436737315,0.30340557275541796,0.00796107916850951
55,BC13,335,594,567,12,1508,0.3606027987082885,0.6393972012917115,0.3759946949602122,0.007957559681697613
55,BS26,406,1012,617,13,2048,0.2863187588152327,0.7136812411847673,0.30126953125,0.00634765625
55,CF19,204,892,694,12,1802,0.18613138686131386,0.8138686131386861,0.3851276359600444,0.006659267480577136
55,DN29,353,1701,1196,10,3260,0.17185978578383643,0.8281402142161636,0.36687116564417177,0.003067484662576687
55,DV08,359,1558,865,10,2792,0.1872717788210746,0.8127282211789254,0.3098137535816619,0.0035816618911174787
55,DW28,444,1555,1080,20,3099,0.2221110555277639,0.7778889444722361,0.34849951597289447,0.006453694740238786
55,HC33,488,1816,1101,20,3425,0.21180555555555555,0.7881944444444444,0.32145985401459853,0.00583941605839416
55,IS20,186,875,540,11,1612,0.17530631479736097,0.824693685202639,0.3349875930521092,0.006823821339950372
55,IS23,400,1330,809,18,2557,0.23121387283236994,0.7687861271676301,0.31638639030113413,0.007039499413375049
55,LB34,423,1279,807,10,2519,0.24853113983548766,0.7514688601645123,0.3203652242953553,0.003969829297340214
55,LI14,260,650,453,5,1368,0.2857142857142857,0.7142857142857143,0.33114035087719296,0.003654970760233918
55,LN11,383,538,492,14,1427,0.4158523344191097,0.5841476655808904,0.3447792571829012,0.009810791871058164
55,LS12,402,563,519,11,1495,0.41658031088082903,0.583419689119171,0.34715719063545153,0.007357859531772575
55,LW18,336,857,555,6,1754,0.28164291701592625,0.7183570829840737,0.3164196123147092,0.0034207525655644243
55,LW31,843,2167,1874,27,4911,0.2800664451827243,0.7199335548172757,0.3815923437181837,0.005497861942577886
55,NB35,416,2087,1081,18,3602,0.16620055932880543,0.8337994406711946,0.30011104941699057,0.004997223764575236
55,OB21,223,1278,702,12,2215,0.1485676215856096,0.8514323784143905,0.31693002257336345,0.005417607223476298
55,PC22,323,1409,868,24,2624,0.18648960739030024,0.8135103926096998,0.3307926829268293,0.009146341463414634
55,SL24,279,822,504,9,1614,0.25340599455040874,0.7465940054495913,0.31226765799256506,0.0055762081784386614
55,ST36,577,1609,1091,15,3292,0.26395242451967066,0.7360475754803294,0.33140947752126365,0.004556500607533414
55,TA37,708,2209,1839,24,4780,0.24271511827219747,0.7572848817278025,0.3847280334728033,0.00502092050209205
55,WP32,920,2995,2531,35,6481,0.23499361430395913,0.7650063856960408,0.3905261533713933,0.00540040117265854
56,01,422,907,906,9,2244,0.31753197893152746,0.6824680210684725,0.4037433155080214,0.004010695187165776
56,02,210,461,486,7,1164,0.31296572280178836,0.6870342771982116,0.4175257731958763,0.006013745704467354
56,03,362,1040,1010,20,2432,0.2582025677603424,0.7417974322396577,0.4152960526315789,0.008223684210526315
56,04,189,632,643,11,1475,0.23020706455542023,0.7697929354445798,0.4359322033898305,0.007457627118644068
56,05,381,1130,1059,16,2586,0.25215089344804764,0.7478491065519524,0.4095127610208817,0.006187161639597835
56,06,275,946,916,6,2143,0.22522522522522523,0.7747747747747747,0.42743817078861407,0.0027998133457769483
56,07,287,944,772,14,2017,0.2331437855402112,0.7668562144597888,0.38274665344571146,0.006941001487357461
56,08,60,222,175,6,463,0.2127659574468085,0.7872340425531915,0.3779697624190065,0.012958963282937365
56,09,428,884,974,7,2293,0.32621951219512196,0.6737804878048781,0.4247710423026603,0.0030527692978630614
56,10,87,186,189,1,463,0.31868131868131866,0.6813186813186813,0.408207343412527,0.0021598272138228943
56,11,404,1321,1143,14,2882,0.23420289855072463,0.7657971014492754,0.3965995836224844,0.004857737682165163
56,12,319,877,786,9,1991,0.26672240802675584,0.7332775919732442,0.394776494224008,0.0045203415369161224
56,13,56,347,206,6,615,0.13895781637717122,0.8610421836228288,0.33495934959349594,0.00975609756097561
56,14,72,372,295,5,744,0.16216216216216217,0.8378378378378378,0.396505376344086,0.006720430107526882
56,15,285,946,854,15,2100,0.23151909017059302,0.768480909829407,0.4066666666666667,0.007142857142857143
57,BEECH,606,853,1106,20,2585,0.4153529814941741,0.5846470185058259,0.42785299806576405,0.007736943907156673
57,EBBS C,233,339,399,8,979,0.40734265734265734,0.5926573426573427,0.40755873340143,0.008171603677221655
57,GRAPEV,262,318,459,6,1045,0.4517241379310345,0.5482758620689655,0.43923444976076553,0.005741626794258373
57,HOT SP,240,174,336,3,753,0.5797101449275363,0.42028985507246375,0.44621513944223107,0.00398406374501992
57,LAUREL,219,252,369,1,841,0.46496815286624205,0.535031847133758,0.43876337693222356,0.0011890606420927466
57,MARS H,856,1098,1493,18,3465,0.43807574206755373,0.5619242579324463,0.43088023088023086,0.005194805194805195
57,NORTH,577,509,975,15,2076,0.5313075506445673,0.4686924493554328,0.46965317919075145,0.0072254335260115606
57,REVERE,92,44,106,2,244,0.6764705882352942,0.3235294117647059,0.4344262295081967,0.00819672131147541
57,SANDY,101,157,213,4,475,0.39147286821705424,0.6085271317829457,0.44842105263157894,0.008421052631578947
57,SOUTH,254,229,427,7,917,0.525879917184265,0.474120082815735,0.46564885496183206,0.007633587786259542
57,SPRING,209,169,284,8,670,0.5529100529100529,0.4470899470899471,0.42388059701492536,0.011940298507462687
57,WALNUT,310,359,517,8,1194,0.4633781763826607,0.5366218236173393,0.43299832495812396,0.006700167504187605
58,BG,324,492,645,6,1467,0.39705882352941174,0.6029411764705882,0.4396728016359918,0.00408997955010225
58,CR,362,250,322,3,937,0.5915032679738562,0.4084967320261438,0.343649946638207,0.0032017075773745998
58,GRF,340,402,463,0,1205,0.4582210242587601,0.5417789757412399,0.38423236514522824,0.0
58,GSN,456,185,230,4,875,0.7113884555382215,0.28861154446177845,0.26285714285714284,0.004571428571428572
58,HMT,466,212,252,1,931,0.6873156342182891,0.31268436578171094,0.2706766917293233,0.0010741138560687433
58,JMV,656,577,675,9,1917,0.5320356853203568,0.46796431467964317,0.352112676056338,0.004694835680751174
58,RBV,1007,353,566,5,1931,0.7404411764705883,0.2595588235294118,0.29311237700673226,0.002589331952356292
58,WM1,1198,491,969,12,2670,0.709295441089402,0.290704558910598,0.36292134831460676,0.0044943820224719105
58,WM2,1264,410,863,11,2548,0.7550776583034647,0.24492234169653523,0.33869701726844587,0.0043171114599686025
59,CCREEK,241,839,778,11,1869,0.22314814814814815,0.7768518518518519,0.4162653825575174,0.005885500267522739
59,DYSART,302,1158,881,7,2348,0.20684931506849316,0.7931506849315069,0.3752129471890971,0.002981260647359455
59,FORT 1,189,501,426,12,1128,0.27391304347826084,0.7260869565217392,0.3776595744680851,0.010638297872340425
59,FORT 2,306,687,648,4,1645,0.3081570996978852,0.6918429003021148,0.3939209726443769,0.0024316109422492403
59,GLENWD,238,860,658,10,1766,0.2167577413479053,0.7832422586520947,0.3725934314835787,0.0056625141562853904
59,HIGGIN,193,744,505,4,1446,0.20597652081109924,0.7940234791889007,0.34923928077455046,0.0027662517289073307
59,M.COVE,169,813,576,12,1570,0.17209775967413443,0.8279022403258656,0.3668789808917197,0.007643312101910828
59,MAR 1,450,1176,1001,17,2644,0.2767527675276753,0.7232472324723247,0.3785930408472012,0.006429652042360061
59,MAR 2,358,370,478,5,1211,0.49175824175824173,0.5082417582417582,0.3947151114781173,0.004128819157720892
59,MAR 3,130,385,327,6,848,0.2524271844660194,0.7475728155339806,0.3856132075471698,0.007075471698113208
59,MAR 4,171,383,436,6,996,0.30866425992779783,0.6913357400722022,0.43775100401606426,0.006024096385542169
59,MAR 5,134,396,397,11,938,0.2528301886792453,0.7471698113207547,0.4232409381663113,0.011727078891257996
59,N.COVE,96,407,296,3,802,0.1908548707753479,0.8091451292246521,0.3690773067331671,0.003740648379052369
59,NEBO,372,1149,882,7,2410,0.2445759368836292,0.7554240631163708,0.3659751037344398,0.002904564315352697
59,PLEASA,278,958,629,12,1877,0.22491909385113268,0.7750809061488673,0.3351092168353756,0.006393180607352157
59,T.COVE,68,328,230,4,630,0.1717171717171717,0.8282828282828283,0.36507936507936506,0.006349206349206349
59,WEST M,492,1455,1174,21,3142,0.2526964560862866,0.7473035439137135,0.3736473583704647,0.00668364099299809
6,,1,5,4,0,10,0.16666666666666666,0.8333333333333334,0.4,0.0
6,01,59,470,302,5,836,0.11153119092627599,0.888468809073724,0.361244019138756,0.005980861244019139
6,02,265,922,775,11,1973,0.22325189553496208,0.776748104465038,0.3928028383172833,0.005575266092245312
6,03,21,259,118,2,400,0.075,0.925,0.295,0.005
6,04,7,57,30,1,95,0.109375,0.890625,0.3157894736842105,0.010526315789473684
6,05,20,180,82,2,284,0.1,0.9,0.2887323943661972,0.007042253521126761
6,06,41,410,189,10,650,0.09090909090909091,0.9090909090909091,0.2907692307692308,0.015384615384615385
6,07,3,160,38,1,202,0.018404907975460124,0.9815950920245399,0.18811881188118812,0.0049504950495049506
6,08,12,205,72,1,290,0.055299539170506916,0.9447004608294931,0.2482758620689655,0.0034482758620689655
6,09,19,187,81,1,288,0.09223300970873786,0.9077669902912622,0.28125,0.003472222222222222
6,10,37,441,204,1,683,0.07740585774058577,0.9225941422594143,0.2986822840409956,0.0014641288433382138
6,11,61,229,159,1,450,0.2103448275862069,0.7896551724137931,0.35333333333333333,0.0022222222222222222
6,12,8,144,60,1,213,0.05263157894736842,0.9473684210526315,0.28169014084507044,0.004694835680751174
6,13,53,277,140,1,471,0.1606060606060606,0.8393939393939394,0.29723991507430997,0.0021231422505307855
6,14,59,473,248,1,781,0.11090225563909774,0.8890977443609023,0.3175416133162612,0.0012804097311139564
6,15,58,420,174,1,653,0.12133891213389121,0.8786610878661087,0.2664624808575804,0.0015313935681470138
6,16,157,673,474,9,1313,0.1891566265060241,0.810843373493976,0.361005331302361,0.006854531607006854
6,17,19,330,127,3,479,0.054441260744985676,0.9455587392550143,0.2651356993736952,0.006263048016701462
6,18,12,194,101,2,309,0.05825242718446602,0.941747572815534,0.3268608414239482,0.006472491909385114
6,19,10,163,56,1,230,0.057803468208092484,0.9421965317919075,0.24347826086956523,0.004347826086956522
60,,8,3,3,0,14,0.7272727272727273,0.2727272727272727,0.21428571428571427,0.0
60,001,416,441,686,2,1545,0.485414235705951,0.514585764294049,0.44401294498381877,0.0012944983818770227
60,002,1158,495,1330,15,2998,0.7005444646098004,0.29945553539019965,0.44362908605737156,0.005003335557038025
60,003,1016,113,744,10,1883,0.899911426040744,0.10008857395925598,0.3951141795007966,0.0053106744556558685
60,004,943,241,770,13,1967,0.7964527027027027,0.20354729729729729,0.3914590747330961,0.0066090493136756485
60,005,668,136,528,13,1345,0.8308457711442786,0.1691542288557214,0.3925650557620818,0.009665427509293681
60,006,866,158,780,24,1828,0.845703125,0.154296875,0.42669584245076586,0.01312910284463895
60,007,703,313,818,15,1849,0.6919291338582677,0.3080708661417323,0.4424012979989183,0.008112493239588967
60,008,455,781,1033,4,2273,0.3681229773462783,0.6318770226537217,0.45446546414430267,0.0017597888253409592
60,009,1590,893,2088,26,4597,0.6403544099879178,0.3596455900120822,0.4542092669132043,0.005655862519034153
60,010,824,567,1211,16,2618,0.5923795830337887,0.4076204169662114,0.4625668449197861,0.006111535523300229
60,011,3040,1299,3970,68,8377,0.7006222631942844,0.2993777368057156,0.4739166766145398,0.008117464486092874
60,012,1305,243,1385,25,2958,0.8430232558139535,0.1569767441860465,0.46822177146720756,0.008451656524678837
60,013,1861,520,1773,37,4191,0.7816043679126418,0.21839563208735827,0.42304939155332855,0.00882844189930804
60,014,2005,454,1857,49,4365,0.8153721024806833,0.1846278975193168,0.4254295532646048,0.01122565864833906
60,015,1508,511,1826,25,3870,0.7469044081228331,0.2530955918771669,0.4718346253229974,0.006459948320413436
60,016,1884,77,615,11,2587,0.9607343192248853,0.03926568077511474,0.23772709702357944,0.004252029377657518
60,017,924,125,776,12,1837,0.880838894184938,0.11916110581506197,0.42242787152966793,0.0065323897659227
60,018,328,567,783,11,1689,0.3664804469273743,0.6335195530726258,0.4635879218472469,0.006512729425695678
60,019,432,544,790,8,1774,0.4426229508196721,0.5573770491803278,0.44532130777903045,0.004509582863585118
60,020,659,517,1160,15,2351,0.560374149659864,0.43962585034013607,0.49340706082518077,0.0063802637175669925
60,021,757,493,1024,11,2285,0.6056,0.3944,0.44814004376367617,0.004814004376367615
60,022,2895,2141,4125,84,9245,0.5748610007942812,0.42513899920571885,0.4461871281773932,0.009085992428339643
60,023,1274,345,1147,16,2782,0.7869054972205065,0.21309450277949352,0.41229331416247306,0.005751258087706686
60,024,1297,267,1092,20,2676,0.8292838874680307,0.1707161125319693,0.4080717488789238,0.007473841554559043
60,025,1254,58,608,11,1931,0.9557926829268293,0.04420731707317073,0.31486276540652514,0.005696530295183843
60,026,1991,216,1121,17,3345,0.9021295876755777,0.0978704123244223,0.3351270553064275,0.005082212257100149
60,027,1435,190,1034,16,2675,0.8830769230769231,0.11692307692307692,0.3865420560747664,0.005981308411214953
60,028,971,163,809,12,1955,0.8562610229276896,0.1437389770723104,0.41381074168797954,0.006138107416879796
60,029,823,187,858,22,1890,0.8148514851485148,0.18514851485148515,0.45396825396825397,0.01164021164021164
60,030,2309,474,2184,55,5022,0.8296802012217032,0.1703197987782968,0.4348864994026284,0.010951812027080845
60,031,1372,154,773,11,2310,0.8990825688073395,0.10091743119266056,0.3346320346320346,0.004761904761904762
60,032,376,767,920,10,2073,0.3289588801399825,0.6710411198600175,0.44380125422093586,0.00482392667631452
60,033,774,244,782,12,1812,0.7603143418467584,0.23968565815324164,0.4315673289183223,0.006622516556291391
60,034,1059,429,1237,19,2744,0.7116935483870968,0.28830645161290325,0.45080174927113703,0.006924198250728863
60,035,568,491,1032,6,2097,0.5363550519357885,0.4636449480642115,0.49213161659513593,0.002861230329041488
60,036,698,734,1055,17,2504,0.48743016759776536,0.5125698324022346,0.4213258785942492,0.006789137380191693
60,037,609,573,912,11,2105,0.5152284263959391,0.4847715736040609,0.4332541567695962,0.005225653206650831
60,038,640,333,854,23,1850,0.65775950668037,0.34224049331963,0.4616216216216216,0.012432432432432432
60,039,1612,155,995,13,2775,0.9122807017543859,0.08771929824561403,0.35855855855855856,0.0046846846846846845
60,040,1245,151,866,19,2281,0.8918338108882522,0.10816618911174786,0.3796580447172293,0.008329679964927663
60,041,1335,159,777,5,2276,0.893574297188755,0.10642570281124498,0.3413884007029877,0.0021968365553602814
60,042,1581,81,693,11,2366,0.9512635379061372,0.048736462093862815,0.29289940828402367,0.004649196956889264
60,043,1392,221,913,18,2544,0.8629882207067576,0.1370117792932424,0.35888364779874216,0.007075471698113208
60,044,684,270,770,15,1739,0.7169811320754716,0.2830188679245283,0.4427832087406556,0.008625646923519264
60,045,758,245,715,15,1733,0.7557328015952144,0.24426719840478564,0.4125793421811887,0.008655510675129832
60,046,996,301,1146,20,2463,0.7679259830377795,0.23207401696222052,0.46528623629719856,0.008120178643930167
60,047,800,800,1263,17,2880,0.5,0.5,0.43854166666666666,0.005902777777777778
60,048,381,744,934,7,2066,0.33866666666666667,0.6613333333333333,0.452081316553727,0.003388189738625363
60,049,850,712,1378,28,2968,0.5441741357234315,0.4558258642765685,0.4642857142857143,0.009433962264150943
60,050,553,368,808,11,1740,0.6004343105320304,0.3995656894679696,0.46436781609195404,0.00632183908045977
60,051,880,688,1219,15,2802,0.5612244897959183,0.4387755102040816,0.43504639543183443,0.0053533190578158455
60,052,1780,507,1338,30,3655,0.7783121993878444,0.22168780061215565,0.36607387140902875,0.008207934336525308
60,053,1968,182,1348,16,3514,0.9153488372093024,0.08465116279069768,0.3836084234490609,0.004553215708594195
60,054,1686,165,958,11,2820,0.9108589951377634,0.08914100486223663,0.3397163120567376,0.003900709219858156
60,055,957,55,465,15,1492,0.9456521739130435,0.05434782608695652,0.3116621983914209,0.010053619302949061
60,056,1012,75,660,7,1754,0.9310027598896045,0.06899724011039558,0.37628278221208666,0.003990877993158495
60,057,732,693,1071,17,2513,0.5136842105263157,0.4863157894736842,0.42618384401114207,0.006764822920811779
60,058,678,485,940,18,2121,0.5829750644883921,0.4170249355116079,0.4431871758604432,0.008486562942008486
60,059,410,312,486,8,1216,0.5678670360110804,0.43213296398891965,0.3996710526315789,0.006578947368421052
60,060,1189,78,503,4,1774,0.9384372533543804,0.06156274664561957,0.2835400225479143,0.002254791431792559
60,061,1100,339,817,16,2272,0.7644197359277276,0.23558026407227242,0.3595950704225352,0.007042253521126761
60,062,860,202,749,16,1827,0.8097928436911488,0.1902071563088512,0.4099616858237548,0.00875752599890531
60,063,852,239,747,13,1851,0.7809349220898258,0.21906507791017416,0.4035656401944895,0.007023230686115613
60,064,443,196,480,14,1133,0.6932707355242567,0.30672926447574334,0.4236540158870256,0.01235657546337158
60,065,437,368,602,9,1416,0.5428571428571428,0.45714285714285713,0.4251412429378531,0.006355932203389831
60,066,507,370,734,9,1620,0.5781071835803877,0.4218928164196123,0.45308641975308644,0.005555555555555556
60,067,411,454,649,13,1527,0.4751445086705202,0.5248554913294797,0.42501637197118536,0.008513425016371971
60,068,408,286,514,6,1214,0.5878962536023055,0.41210374639769454,0.4233937397034596,0.004942339373970346
60,069,1051,1418,1888,21,4378,0.4256784123126772,0.5743215876873228,0.431247144814984,0.004796710826861581
60,070,512,691,1028,6,2237,0.4256026600166251,0.5743973399833749,0.45954403218596335,0.002682163611980331
60,071,484,777,1051,9,2321,0.3838223632038065,0.6161776367961935,0.45282205945713055,0.003877638948728996
60,072,370,418,717,9,1514,0.46954314720812185,0.5304568527918782,0.47357992073976224,0.0059445178335535
60,073,453,460,705,13,1631,0.49616648411829134,0.5038335158817087,0.4322501532801962,0.00797057020232986
60,074,918,1011,1418,29,3376,0.4758942457231726,0.5241057542768274,0.4200236966824645,0.008590047393364929
60,075,744,1078,1459,20,3301,0.4083424807903403,0.5916575192096597,0.4419872765828537,0.006058770069675856
60,076,788,739,1231,21,2779,0.5160445317616241,0.4839554682383759,0.44296509535804246,0.007556675062972292
60,077,1698,226,940,27,2891,0.8825363825363826,0.11746361746361747,0.32514700795572465,0.00933932895191975
60,078.1,1354,430,1327,29,3140,0.7589686098654709,0.24103139013452915,0.4226114649681529,0.009235668789808917
60,079,1013,292,689,13,2007,0.7762452107279694,0.22375478927203066,0.34329845540607873,0.0064773293472845045
60,080,1912,414,1344,30,3700,0.82201203783319,0.17798796216680998,0.36324324324324325,0.008108108108108109
60,081,2344,392,1405,24,4165,0.8567251461988304,0.14327485380116958,0.33733493397358943,0.005762304921968787
60,082,1764,133,1173,13,3083,0.9298892988929889,0.07011070110701106,0.38047356470969834,0.0042166720726565035
60,083,1249,558,1112,20,2939,0.6912008854454897,0.30879911455451026,0.37835998638992857,0.006805035726437564
60,084,1015,235,792,17,2059,0.812,0.188,0.38465274405051,0.00825643516270034
60,085,855,472,967,8,2302,0.6443104747550866,0.3556895252449133,0.4200695047784535,0.0034752389226759338
60,086,404,802,891,7,2104,0.33499170812603646,0.6650082918739635,0.4234790874524715,0.003326996197718631
60,087,818,570,1046,25,2459,0.5893371757925072,0.4106628242074928,0.42537616917446114,0.010166734444896299
60,088,774,565,1064,16,2419,0.5780433159073936,0.42195668409260645,0.4398511781727987,0.006614303431169905
60,089,2803,917,2139,39,5898,0.753494623655914,0.246505376344086,0.36266531027466936,0.006612410986775178
60,090,433,414,671,10,1528,0.5112160566706021,0.4887839433293979,0.43913612565445026,0.006544502617801047
60,091,1076,1418,2137,15,4646,0.4314354450681636,0.5685645549318364,0.4599655617735687,0.0032285837279380112
60,092,738,936,1302,6,2982,0.44086021505376344,0.5591397849462365,0.43661971830985913,0.002012072434607646
60,093,370,696,782,12,1860,0.34709193245778613,0.6529080675422139,0.4204301075268817,0.0064516129032258064
60,094,782,361,630,11,1784,0.68416447944007,0.31583552055993,0.3531390134529148,0.00616591928251121
60,095,889,205,643,9,1746,0.8126142595978062,0.18738574040219377,0.368270332187858,0.005154639175257732
60,096,706,459,854,8,2027,0.6060085836909871,0.39399141630901285,0.42131228416378885,0.003946719289590528
60,097,554,101,455,7,1117,0.8458015267175573,0.15419847328244274,0.40734109221128023,0.006266786034019696
60,098,1367,301,1084,23,2775,0.8195443645083933,0.1804556354916067,0.39063063063063064,0.008288288288288289
60,099,777,147,674,12,1610,0.8409090909090909,0.1590909090909091,0.4186335403726708,0.007453416149068323
60,100,769,763,1297,26,2855,0.5019582245430809,0.4980417754569191,0.4542907180385289,0.009106830122591943
60,101,525,686,943,14,2168,0.43352601156069365,0.5664739884393064,0.43496309963099633,0.006457564575645757
60,102,1798,699,1701,25,4223,0.7200640768922707,0.2799359231077293,0.40279422211697846,0.005919962112242482
60,103,805,985,1506,24,3320,0.44972067039106145,0.5502793296089385,0.4536144578313253,0.007228915662650603
60,104,1493,143,814,22,2472,0.9125916870415648,0.08740831295843521,0.32928802588996764,0.00889967637540453
60,105,1924,354,1816,35,4129,0.8446005267778753,0.15539947322212466,0.4398159360620005,0.008476628723661903
60,106,503,419,701,12,1635,0.5455531453362256,0.4544468546637744,0.42874617737003057,0.007339449541284404
60,107.1,1914,272,1232,21,3439,0.8755718206770357,0.12442817932296432,0.3582436754870602,0.0061064262867112536
60,108,1011,191,849,19,2070,0.8410981697171381,0.1589018302828619,0.4101449275362319,0.009178743961352657
60,109,1028,425,1227,23,2703,0.7075017205781142,0.2924982794218858,0.45394006659267483,0.008509064002959674
60,110,344,409,596,4,1353,0.45683930942895085,0.5431606905710491,0.44050258684405025,0.0029563932002956393
60,111,736,828,1229,13,2806,0.47058823529411764,0.5294117647058824,0.4379900213827512,0.004632929436920884
60,112,501,708,989,19,2217,0.4143920595533499,0.5856079404466501,0.44609833107803337,0.008570139828597204
60,113,786,1050,1445,14,3295,0.42810457516339867,0.5718954248366013,0.4385432473444613,0.004248861911987861
60,114,718,838,1197,15,2768,0.461439588688946,0.538560411311054,0.4324421965317919,0.00541907514450867
60,115,647,253,521,9,1430,0.7188888888888889,0.2811111111111111,0.36433566433566433,0.006293706293706294
60,116,711,178,531,12,1432,0.7997750281214848,0.20022497187851518,0.3708100558659218,0.008379888268156424
60,117,904,241,824,13,1982,0.7895196506550218,0.21048034934497817,0.4157416750756811,0.006559031281533804
60,118,790,736,1300,24,2850,0.5176933158584535,0.48230668414154654,0.45614035087719296,0.008421052631578947
60,119,439,447,750,3,1639,0.49548532731376976,0.5045146726862303,0.4575960951799878,0.0018303843807199512
60,120,682,148,686,22,1538,0.8216867469879519,0.1783132530120482,0.4460338101430429,0.014304291287386216
60,121,819,1363,1741,20,3943,0.37534372135655364,0.6246562786434464,0.44154197311691606,0.00507227998985544
60,122,2020,841,1852,30,4743,0.7060468367703601,0.29395316322964,0.39047016656124817,0.006325110689437065
60,123,1233,209,830,20,2292,0.8550624133148405,0.1449375866851595,0.3621291448516579,0.008726003490401396
60,124,1309,170,827,19,2325,0.8850574712643678,0.11494252873563218,0.3556989247311828,0.008172043010752689
60,125,572,180,445,6,1203,0.7606382978723404,0.2393617021276596,0.36990856192851207,0.004987531172069825
60,126,2173,294,1571,22,4060,0.8808269152817186,0.11917308471828131,0.38694581280788176,0.00541871921182266
60,127,1276,1751,2852,23,5902,0.42153947803105385,0.5784605219689462,0.48322602507624535,0.003896984073195527
60,128,1227,404,1062,20,2713,0.7522992029429798,0.24770079705702022,0.3914485809067453,0.007371913011426466
60,129,422,188,435,9,1054,0.6918032786885245,0.3081967213114754,0.4127134724857685,0.008538899430740038
60,130,723,252,633,10,1618,0.7415384615384616,0.25846153846153846,0.3912237330037083,0.006180469715698393
60,131,384,587,776,10,1757,0.39546858908341914,0.6045314109165808,0.4416619237336369,0.005691519635742743
60,132,1312,267,1139,23,2741,0.830905636478784,0.16909436352121596,0.41554177307551987,0.008391098139365194
60,133,1191,1736,2328,35,5290,0.40690126409292793,0.5930987359070721,0.4400756143667297,0.006616257088846881
60,134,1951,1713,2935,51,6650,0.5324781659388647,0.46752183406113534,0.4413533834586466,0.007669172932330827
60,135,4183,503,2513,42,7241,0.8926589842082799,0.10734101579172002,0.34705151222206876,0.005800303825438475
60,136,756,1000,1230,11,2997,0.4305239179954442,0.5694760820045558,0.41041041041041043,0.003670337003670337
60,137,1371,1978,3002,32,6383,0.4093759331143625,0.5906240668856375,0.4703117656274479,0.005013316622277926
60,138,1547,318,1200,24,3089,0.8294906166219839,0.17050938337801608,0.38847523470378764,0.007769504694075753
60,139.1,909,923,1593,19,3444,0.49617903930131,0.50382096069869,0.4625435540069686,0.005516840882694541
60,140,1364,1519,2495,42,5420,0.4731182795698925,0.5268817204301075,0.4603321033210332,0.007749077490774908
60,141,1088,178,2206,25,3497,0.8593996840442338,0.1406003159557662,0.6308264226479839,0.007148984844152131
60,142,1648,2215,2679,52,6594,0.4266114418845457,0.5733885581154543,0.4062784349408553,0.007885956930542918
60,143,1326,1890,2628,41,5885,0.4123134328358209,0.5876865671641791,0.4465590484282073,0.006966864910790144
60,144,919,1052,1723,21,3715,0.46626078132927445,0.5337392186707255,0.46379542395693135,0.005652759084791386
60,145,4366,1698,4140,53,10257,0.7199868073878628,0.2800131926121372,0.4036267914594911,0.005167202885834064
60,146,2139,237,1374,24,3774,0.9002525252525253,0.09974747474747475,0.3640699523052464,0.006359300476947536
60,147,1647,354,1181,25,3207,0.823088455772114,0.17691154422788605,0.3682569379482382,0.0077954474586841285
60,148,3087,2378,5190,64,10719,0.5648673376029277,0.43513266239707227,0.484186957738595,0.005970706222595391
60,149,3051,473,1962,33,5519,0.8657775255391601,0.13422247446083996,0.3554991846348976,0.005979344084073202
60,150,1618,535,1266,19,3438,0.7515095215977705,0.24849047840222946,0.3682373472949389,0.005526468877254218
60,151,2717,492,2032,30,5271,0.8466812090994079,0.15331879090059208,0.38550559666097517,0.005691519635742743
60,200,1091,849,1307,21,3268,0.5623711340206186,0.43762886597938144,0.39993880048959607,0.006425948592411261
60,201,4185,1481,3256,67,8989,0.7386163078009178,0.26138369219908225,0.3622204917120926,0.007453554344198465
60,202,2399,2853,4040,59,9351,0.4567783701447068,0.5432216298552932,0.43203935407977756,0.006309485616511603
60,203,4301,829,3027,54,8211,0.838401559454191,0.16159844054580896,0.36865180854950674,0.006576543660942638
60,204.1,2757,415,1681,30,4883,0.8691677175283733,0.13083228247162673,0.3442555805857055,0.006143764079459349
60,205,2094,641,1648,21,4404,0.7656307129798903,0.2343692870201097,0.37420526793823794,0.004768392370572207
60,206,2637,1468,3550,37,7692,0.6423873325213155,0.35761266747868453,0.46151846073842956,0.004810192407696308
60,207,1486,1790,2627,46,5949,0.4536019536019536,0.5463980463980463,0.44158682131450666,0.0077323919986552365
60,208,776,1900,2125,34,4835,0.28998505231689087,0.7100149476831091,0.43950361944157185,0.00703205791106515
60,209,1371,1363,2208,45,4987,0.5014630577907827,0.49853694220921724,0.4427511529977943,0.00902346099859635
60,210,3581,364,1705,26,5676,0.9077313054499366,0.09226869455006337,0.3003875968992248,0.0045806906272022555
60,211,5131,954,3624,56,9765,0.8432210353327856,0.15677896466721447,0.37112135176651306,0.005734767025089606
60,212,6295,973,4795,88,12151,0.8661254815630159,0.13387451843698403,0.3946177269360546,0.007242202287877541
60,213,2895,329,1506,34,4764,0.8979528535980149,0.10204714640198512,0.3161209068010076,0.007136859781696054
60,214,1668,381,1224,18,3291,0.8140556368960469,0.18594436310395315,0.37192342752962626,0.0054694621695533276
60,215,1020,1011,1622,32,3685,0.5022156573116692,0.4977843426883309,0.44016282225237446,0.008683853459972864
60,216,1604,1347,1979,51,4981,0.5435445611657065,0.45645543883429346,0.3973097771531821,0.010238907849829351
60,217,787,689,1121,26,2623,0.5331978319783198,0.46680216802168023,0.4273732367518109,0.009912314144109797
60,218,715,955,1171,27,2868,0.4281437125748503,0.5718562874251497,0.4082984658298466,0.009414225941422594
60,219,780,979,1064,17,2840,0.4434337691870381,0.5565662308129619,0.37464788732394366,0.005985915492957746
60,220,754,1110,1241,14,3119,0.40450643776824036,0.5954935622317596,0.39788393715934595,0.004488618146841937
60,221,990,1888,1846,38,4762,0.3439888811674774,0.6560111188325226,0.3876522469550609,0.007979840403191937
60,222,3774,734,2399,42,6949,0.8371783496007098,0.16282165039929014,0.3452295294286948,0.006044035112965894
60,223.1,3096,1323,2948,43,7410,0.7006109979633401,0.29938900203665986,0.3978407557354926,0.005802968960863698
60,224,1374,643,1131,19,3167,0.6812097174020822,0.3187902825979177,0.35712030312598675,0.005999368487527629
60,225,926,711,1225,26,2888,0.5656689065363469,0.434331093463653,0.42416897506925205,0.009002770083102494
60,226,958,917,1534,23,3432,0.5109333333333334,0.48906666666666665,0.44696969696969696,0.006701631701631702
60,227,1804,1949,3235,49,7037,0.48068212096989077,0.5193178790301093,0.4597129458576098,0.006963194543129174
60,228,1875,572,1531,38,4016,0.7662443808745403,0.23375561912545975,0.3812250996015936,0.009462151394422311
60,229,5417,3180,5903,77,14577,0.6301035244852856,0.36989647551471444,0.4049530081635453,0.005282294024833642
60,230,4431,1364,3793,68,9656,0.7646246764452114,0.2353753235547886,0.39281275890637946,0.007042253521126761
60,231,1566,1033,1892,31,4522,0.6025394382454791,0.397460561754521,0.41839893852277754,0.006855373728438744
60,232,1162,1310,2132,22,4626,0.47006472491909385,0.5299352750809061,0.46087332468655423,0.004755728491137051
60,233,982,1522,2003,19,4526,0.39217252396166136,0.6078274760383386,0.44255413168360586,0.0041979673000441895
60,234,1099,885,1321,27,3332,0.5539314516129032,0.44606854838709675,0.39645858343337337,0.008103241296518607
60,235,1087,796,1135,20,3038,0.5772703133297928,0.4227296866702071,0.3736010533245556,0.0065832784726793945
60,236,1451,2115,2164,34,5764,0.40689848569826137,0.5931015143017386,0.3754337265787647,0.005898681471200555
60,237,2334,475,1809,28,4646,0.8309006763972944,0.16909932360270558,0.38936719758932414,0.006026689625484288
60,238.1,1372,416,1151,10,2949,0.767337807606264,0.232662192393736,0.3903017972193964,0.00339097999321804
60,239,2122,463,1648,34,4267,0.8208897485493231,0.179110251450677,0.38621982657604875,0.00796812749003984
60,240,1209,2027,2489,40,5765,0.37360939431396784,0.6263906056860321,0.43174327840416304,0.006938421509106678
60,241,3395,2485,4232,57,10169,0.5773809523809523,0.4226190476190476,0.4161667813944341,0.005605270921427869
60,242,423,1418,1344,19,3204,0.22976643128734384,0.7702335687126561,0.41947565543071164,0.005930087390761548
60,243,4261,1792,4061,65,10179,0.7039484553114158,0.2960515446885842,0.3989586403379507,0.006385696040868455
61,01-A,109,855,508,9,1481,0.11307053941908714,0.8869294605809128,0.34301147873058746,0.006076975016880486
61,02,11,189,51,0,251,0.055,0.945,0.20318725099601595,0.0
61,03,35,287,147,3,472,0.10869565217391304,0.8913043478260869,0.3114406779661017,0.006355932203389831
61,04,459,3049,1808,26,5342,0.13084378563283922,0.8691562143671607,0.3384500187195807,0.004867090977162112
61,05,38,493,231,3,765,0.07156308851224105,0.928436911487759,0.30196078431372547,0.00392156862745098
61,06,32,307,148,0,487,0.0943952802359882,0.9056047197640118,0.30390143737166325,0.0
61,07,7,104,36,1,148,0.06306306306306306,0.9369369369369369,0.24324324324324326,0.006756756756756757
61,09,114,615,397,10,1136,0.15637860082304528,0.8436213991769548,0.3494718309859155,0.008802816901408451
62,,1,0,1,0,2,1.0,0.0,0.5,0.0
62,BIS,484,348,445,11,1288,0.5817307692307693,0.4182692307692308,0.3454968944099379,0.008540372670807454
62,CAN,378,373,438,8,1197,0.5033288948069241,0.4966711051930759,0.3659147869674185,0.006683375104427736
62,CHE,119,306,185,3,613,0.28,0.72,0.30179445350734097,0.004893964110929853
62,ELD,154,915,552,6,1627,0.14405986903648269,0.8559401309635173,0.33927473878303627,0.0036877688998156115
62,LIT,68,249,208,2,527,0.21451104100946372,0.7854889589905363,0.3946869070208729,0.003795066413662239
62,MTG,704,280,362,8,1354,0.7154471544715447,0.2845528455284553,0.2673559822747415,0.005908419497784343
62,OPH,29,134,102,1,266,0.17791411042944785,0.8220858895705522,0.38345864661654133,0.0037593984962406013
62,PEE,197,759,499,5,1460,0.20606694560669456,0.7939330543933054,0.34178082191780823,0.003424657534246575
62,ROC,276,195,195,1,667,0.5859872611464968,0.4140127388535032,0.29235382308845576,0.0014992503748125937
62,STA,255,663,486,5,1409,0.2777777777777778,0.7222222222222222,0.34492547906316534,0.0035486160397444995
62,T1,495,640,605,2,1742,0.43612334801762115,0.5638766519823789,0.34730195177956374,0.001148105625717566
62,T2,287,488,464,4,1243,0.37032258064516127,0.6296774193548387,0.37329042638777155,0.003218020917135961
62,UWH,172,656,513,7,1348,0.20772946859903382,0.7922705314009661,0.3805637982195846,0.0051928783382789315
62,WAD,163,113,100,1,377,0.5905797101449275,0.40942028985507245,0.26525198938992045,0.002652519893899204
63,,2,3,8,0,13,0.4,0.6,0.6153846153846154,0.0
63,BEN,353,964,600,12,1929,0.2680334092634776,0.7319665907365224,0.3110419906687403,0.006220839813374806
63,CAM,352,1304,974,12,2642,0.21256038647342995,0.7874396135265701,0.36866010598031795,0.004542013626040878
63,CAR,900,2592,1919,33,5444,0.25773195876288657,0.7422680412371134,0.35249816311535637,0.006061719324026451
63,DHR,196,891,497,6,1590,0.18031278748850046,0.8196872125114996,0.31257861635220124,0.0037735849056603774
63,EAB,716,993,1096,32,2837,0.41895845523698066,0.5810415447630193,0.386323581247797,0.011279520620373634
63,EKWD,250,628,534,13,1425,0.2847380410022779,0.715261958997722,0.37473684210526315,0.009122807017543859
63,EUR-WP,484,2048,1913,48,4493,0.1911532385466035,0.8088467614533965,0.42577342532828844,0.010683285110171378
63,EWD,289,742,652,15,1698,0.28031037827352084,0.7196896217264791,0.3839811542991755,0.0088339222614841
63,LTR,454,1376,1293,28,3151,0.24808743169398906,0.7519125683060109,0.41034592192954616,0.008886067914947636
63,NSP,562,688,1105,22,2377,0.4496,0.5504,0.4648716870004207,0.009255363904080775
63,PBF,513,792,817,17,2139,0.3931034482758621,0.6068965517241379,0.38195418419822347,0.007947639083683964
63,PDN,650,1166,1405,23,3244,0.3579295154185022,0.6420704845814978,0.43310727496917384,0.007090012330456227
63,PHA1,509,1237,1275,25,3046,0.29152348224513175,0.7084765177548683,0.4185817465528562,0.008207485226526593
63,PHA2,237,1024,911,12,2184,0.1879460745440127,0.8120539254559873,0.41712454212454214,0.005494505494505495
63,PHB1A,502,1260,1183,12,2957,0.2849035187287174,0.7150964812712827,0.40006763611768686,0.004058167061210686
63,PHB2,325,1055,861,10,2251,0.23550724637681159,0.7644927536231884,0.38249666814749,0.00444247001332741
63,PHC,704,1600,1726,15,4045,0.3055555555555556,0.6944444444444444,0.4266996291718171,0.003708281829419036
63,RBN,188,574,395,6,1163,0.24671916010498687,0.7532808398950132,0.33963886500429924,0.005159071367153913
63,SLS,663,2225,1880,31,4799,0.22957063711911357,0.7704293628808865,0.3917482808918525,0.006459679099812461
63,SSP,1171,1326,1420,30,3947,0.46896275530636766,0.5310372446936323,0.359766911578414,0.007600709399543958
63,TLT,240,71,141,2,454,0.7717041800643086,0.2282958199356913,0.31057268722466963,0.004405286343612335
63,VSS,330,952,894,17,2193,0.2574102964118565,0.7425897035881436,0.4076607387140903,0.007751937984496124
63,WAB,923,1292,1388,34,3637,0.4167042889390519,0.5832957110609481,0.38163321418751717,0.009348364036293648
63,WEM,209,1192,490,7,1898,0.14917915774446824,0.8508208422555318,0.2581664910432034,0.0036880927291886197
63,WKWD1,386,1120,1109,12,2627,0.25630810092961487,0.7436918990703851,0.4221545489151123,0.004567948229920061
63,WND,513,1421,1132,19,3085,0.26525336091003104,0.734746639089969,0.366936790923825,0.006158833063209076
64,P01A,817,1164,1169,11,3161,0.41241797072185765,0.5875820292781424,0.36981967731730464,0.0034799114204365706
64,P02A,581,893,881,7,2362,0.3941655359565807,0.6058344640434192,0.3729889923793395,0.0029635901778154107
64,P03A,373,698,689,10,1770,0.34827264239028943,0.6517273576097106,0.38926553672316383,0.005649717514124294
64,P04A,472,708,557,8,1745,0.4,0.6,0.31919770773638967,0.004584527220630372
64,P05A,451,1525,888,11,2875,0.22823886639676114,0.7717611336032388,0.3088695652173913,0.0038260869565217392
64,P06A,1120,825,838,16,2799,0.5758354755784062,0.4241645244215938,0.2993926402286531,0.0057163272597356195
64,P07A,193,346,245,4,788,0.3580705009276438,0.6419294990723562,0.31091370558375636,0.005076142131979695
64,P08A,2400,2012,1944,21,6377,0.543970988213962,0.45602901178603805,0.3048455386545397,0.003293084522502744
64,P09A,454,426,392,4,1276,0.5159090909090909,0.48409090909090907,0.3072100313479624,0.003134796238244514
64,P10A,878,440,478,4,1800,0.6661608497723824,0.3338391502276176,0.26555555555555554,0.0022222222222222222
64,P11A,600,1463,926,20,3009,0.290838584585555,0.709161415414445,0.3077434363575939,0.006646726487205052
64,P12A,410,272,255,4,941,0.6011730205278593,0.39882697947214074,0.27098831030818277,0.004250797024442083
64,P13A,362,124,157,2,645,0.7448559670781894,0.2551440329218107,0.2434108527131783,0.0031007751937984496
64,P14A,510,572,499,7,1588,0.4713493530499076,0.5286506469500925,0.3142317380352645,0.004408060453400504
64,P15A,1291,1473,1240,14,4018,0.4670767004341534,0.5329232995658466,0.3086112493777999,0.003484320557491289
64,P16A,875,481,688,3,2047,0.6452802359882006,0.3547197640117994,0.33610161211529066,0.0014655593551538837
64,P17A,1766,598,1196,18,3578,0.7470389170896785,0.2529610829103215,0.33426495248742316,0.005030743432084964
64,P18A,1282,403,825,14,2524,0.7608308605341246,0.23916913946587537,0.3268621236133122,0.005546751188589541
64,P19A,1901,1401,1724,15,5041,0.5757116898849183,0.4242883101150818,0.3419956357865503,0.0029756000793493354
64,P20A,1064,597,757,9,2427,0.6405779650812763,0.35942203491872365,0.3119077049855789,0.003708281829419036
64,P21A,1154,333,1125,6,2618,0.7760591795561533,0.22394082044384667,0.4297173414820474,0.002291825821237586
64,P22A,824,109,1069,7,2009,0.8831725616291533,0.11682743837084673,0.532105525136884,0.003484320557491289
64,P23A,1372,230,1369,3,2974,0.8564294631710362,0.14357053682896379,0.4603227975790182,0.0010087424344317419
64,P24A,768,1253,938,12,2971,0.380009896091044,0.6199901039089559,0.3157186132615281,0.004039044092898014
65,,1,0,0,0,1,1.0,0.0,0.0,0.0
65,CF01,1523,1592,2045,42,5202,0.48892455858747996,0.51107544141252,0.393118031526336,0.008073817762399077
65,CF02,624,1158,1080,18,2880,0.3501683501683502,0.6498316498316499,0.375,0.00625
65,CF05,773,1114,1334,21,3242,0.40964493905670374,0.5903550609432963,0.41147439851943246,0.006477483035163479
65,CF06,668,922,1121,29,2740,0.42012578616352203,0.579874213836478,0.40912408759124086,0.010583941605839416
65,FP03,365,655,737,5,1762,0.35784313725490197,0.6421568627450981,0.41827468785471056,0.0028376844494892167
65,FP04,1184,2256,2494,41,5975,0.34418604651162793,0.6558139534883721,0.41740585774058575,0.0068619246861924684
65,FP06,852,1396,1714,35,3997,0.3790035587188612,0.6209964412811388,0.42882161621215914,0.008756567425569177
65,FP07,1070,1984,2194,23,5271,0.35036018336607727,0.6496398166339227,0.41623980269398597,0.00436349838740277
65,FP08,1112,1943,2238,32,5325,0.3639934533551555,0.6360065466448446,0.42028169014084504,0.006009389671361502
65,H01,397,462,625,21,1505,0.46216530849825377,0.5378346915017462,0.4152823920265781,0.013953488372093023
65,H02,756,1841,1758,19,4374,0.29110512129380056,0.7088948787061995,0.401920438957476,0.004343850022862369
65,H04,966,1302,1642,23,3933,0.42592592592592593,0.5740740740740741,0.4174930078820239,0.005847953216374269
65,H05,798,1345,1470,17,3630,0.3723751749883341,0.6276248250116659,0.4049586776859504,0.004683195592286501
65,H06,796,998,1289,38,3121,0.443701226309922,0.5562987736900781,0.4130086510733739,0.012175584748478052
65,H08,1211,2335,2600,36,6182,0.3415115623237451,0.658488437676255,0.42057586541572306,0.005823358136525397
65,H10,1200,1057,1648,33,3938,0.5316792202038104,0.46832077979618963,0.4184865413915693,0.008379888268156424
65,H11,1518,2087,2794,43,6442,0.42108183079056866,0.5789181692094314,0.4337162371934182,0.00667494566904688
65,H12,739,1447,1685,24,3895,0.338060384263495,0.6619396157365051,0.4326059050064185,0.0061617458279845955
65,H13,1008,2015,2217,29,5269,0.3334435990737678,0.6665564009262323,0.42076295312203454,0.005503890681343709
65,M02,1433,2049,2777,39,6298,0.4115450890292935,0.5884549109707065,0.4409336297237218,0.006192442045093681
65,M03,1595,2372,2941,51,6959,0.40206705318880764,0.5979329468111924,0.42261819226900416,0.00732863917229487
65,M04,1613,2002,2713,30,6358,0.44619640387275245,0.5538035961272476,0.426706511481598,0.004718464926077383
65,M06,643,1022,1058,21,2744,0.38618618618618616,0.6138138138138138,0.38556851311953355,0.007653061224489796
65,M07,523,991,1026,10,2550,0.34544253632760896,0.654557463672391,0.4023529411764706,0.00392156862745098
65,W03,883,186,803,17,1889,0.8260056127221702,0.17399438727782976,0.4250926416093171,0.008999470619375331
65,W08,523,338,556,12,1429,0.6074332171893148,0.39256678281068524,0.38908327501749473,0.008397480755773267
65,W12,619,402,707,15,1743,0.6062683643486778,0.39373163565132224,0.40562248995983935,0.008605851979345954
65,W15,2084,634,1956,39,4713,0.7667402501839587,0.2332597498160412,0.41502227880331,0.008274984086569064
65,W16,802,956,1275,21,3054,0.45620022753128553,0.5437997724687145,0.4174852652259332,0.0068762278978389
65,W17,593,662,857,11,2123,0.47250996015936253,0.5274900398406375,0.4036740461610928,0.0051813471502590676
65,W21,1215,1164,1875,37,4291,0.510718789407314,0.489281210592686,0.4369610813330226,0.008622698671638312
65,W25,1704,464,1633,30,3831,0.7859778597785978,0.2140221402214022,0.42625946228138867,0.007830853563038372
65,W26,844,426,1015,22,2307,0.6645669291338583,0.3354330708661417,0.4399653229302124,0.00953619419159081
65,W27,1222,313,1164,21,2720,0.7960912052117264,0.20390879478827362,0.4279411764705882,0.007720588235294118
65,W29,1527,168,1127,23,2845,0.9008849557522124,0.09911504424778761,0.3961335676625659,0.008084358523725835
65,W30,1464,1288,2119,44,4915,0.5319767441860465,0.4680232558139535,0.4311291963377416,0.008952187182095625
65,W31,1093,1207,1661,36,3997,0.4752173913043478,0.5247826086956522,0.41556167125344007,0.009006755066299724
65,W33,1052,1930,2254,31,5267,0.3527833668678739,0.6472166331321261,0.4279475982532751,0.005885703436491361
65,W34,1329,974,2991,50,5344,0.5770733825445071,0.4229266174554928,0.5596931137724551,0.0093562874251497
65,W35,1308,908,2010,40,4266,0.5902527075812274,0.40974729241877256,0.4711673699015471,0.009376465072667605
65,WB,360,684,825,10,1879,0.3448275862068966,0.6551724137931034,0.4390633315593401,0.005321979776476849
66,COMIPE,566,119,351,4,1040,0.8262773722627738,0.17372262773722627,0.3375,0.0038461538461538464
66,CREEKS,257,49,173,1,480,0.8398692810457516,0.16013071895424835,0.36041666666666666,0.0020833333333333333
66,GALATI,272,52,154,2,480,0.8395061728395061,0.16049382716049382,0.32083333333333336,0.004166666666666667
66,GAPL,1058,85,340,2,1485,0.9256342957130359,0.07436570428696412,0.22895622895622897,0.0013468013468013469
66,GASTON,1207,273,596,5,2081,0.8155405405405406,0.18445945945945946,0.2864007688611245,0.002402691013935608
66,JARE,404,91,217,2,714,0.8161616161616162,0.18383838383838383,0.30392156862745096,0.0028011204481792717
66,LAKE G,370,347,493,1,1211,0.5160390516039052,0.4839609483960948,0.4071015689512799,0.0008257638315441783
66,LASKER,74,28,105,0,207,0.7254901960784313,0.27450980392156865,0.5072463768115942,0.0
66,NEWTOW,204,90,131,0,425,0.6938775510204082,0.30612244897959184,0.30823529411764705,0.0
66,RICH S,664,88,229,1,982,0.8829787234042553,0.11702127659574468,0.23319755600814665,0.0010183299389002036
66,SEABOA,446,74,214,1,735,0.8576923076923076,0.1423076923076923,0.291156462585034,0.0013605442176870747
66,SEVERN,123,50,98,0,271,0.7109826589595376,0.28901734104046245,0.36162361623616235,0.0
66,WOPO,322,72,180,2,576,0.817258883248731,0.18274111675126903,0.3125,0.003472222222222222
67,BC21,616,2596,2402,88,5702,0.1917808219178082,0.8082191780821918,0.42125569975447213,0.015433181339880744
67,BM08,1571,2010,2986,66,6633,0.4387042725495672,0.5612957274504329,0.4501733755465099,0.009950248756218905
67,CL10,327,1492,1229,29,3077,0.17976910390324355,0.8202308960967565,0.39941501462463436,0.009424764380890478
67,CR07,694,1957,2174,62,4887,0.26178800452659373,0.7382119954734062,0.444853693472478,0.012686719869040311
67,EN03,2562,3172,4959,106,10799,0.44680851063829785,0.5531914893617021,0.45920918603574407,0.009815723678118345
67,FS16,623,2538,2084,73,5318,0.1970895286301803,0.8029104713698196,0.3918766453553968,0.01372696502444528
67,GB12,866,2401,2223,52,5542,0.26507499234771964,0.7349250076522804,0.40111872970046913,0.009382894261999277
67,HM05,905,1642,1868,44,4459,0.3553199842952493,0.6446800157047506,0.41892801076474545,0.009867683337071092
67,HN14,357,1140,1188,30,2715,0.23847695390781562,0.7615230460921844,0.4375690607734807,0.011049723756906077
67,HR17,462,1845,1549,51,3907,0.20026007802340703,0.7997399219765929,0.3964678781673919,0.013053493729203993
67,HU20,381,1703,1581,41,3706,0.1828214971209213,0.8171785028790787,0.42660550458715596,0.011063140852671344
67,JA01,881,2262,2716,87,5946,0.2803054406617881,0.7196945593382119,0.45677766565758493,0.014631685166498487
67,ML23,185,503,496,9,1193,0.2688953488372093,0.7311046511627907,0.4157585917854149,0.0075440067057837385
67,MT24,241,1178,950,21,2390,0.16983791402396053,0.8301620859760395,0.39748953974895396,0.008786610878661089
67,NE22A,1081,1456,2150,45,4732,0.42609381158849036,0.5739061884115096,0.4543533389687236,0.009509721048182587
67,NE22B,1078,1982,2364,69,5493,0.35228758169934643,0.6477124183006536,0.4303659202621518,0.012561441835062807
67,NM13,106,553,415,4,1078,0.16084977238239756,0.8391502276176024,0.3849721706864564,0.0037105751391465678
67,NR02,546,176,689,11,1422,0.7562326869806094,0.24376731301939059,0.48452883263009844,0.007735583684950774
67,RL09,906,2737,2449,44,6136,0.24869612956354653,0.7513038704364535,0.3991199478487614,0.007170795306388526
67,SF18,678,3081,2514,80,6353,0.18036711891460494,0.819632881085395,0.3957185581614985,0.012592475995592633
67,SW19,602,2428,2036,35,5101,0.19867986798679868,0.8013201320132013,0.39913742403450303,0.006861399725544011
67,TL06,554,1569,1437,42,3602,0.2609514837494112,0.7390485162505888,0.39894503053858965,0.011660188784008884
67,VR15,231,894,965,26,2116,0.20533333333333334,0.7946666666666666,0.4560491493383743,0.012287334593572778
67,WN04,763,1869,1849,46,4527,0.2898936170212766,0.7101063829787234,0.4084382593328915,0.010161254694057875
68,CA,366,307,405,8,1086,0.5438335809806835,0.4561664190193165,0.3729281767955801,0.007366482504604052
68,CB1,1617,108,1034,8,2767,0.9373913043478261,0.06260869565217392,0.37368991687748465,0.0028912179255511385
68,CF1,1824,265,1891,15,3995,0.8731450454763044,0.12685495452369555,0.4733416770963705,0.0037546933667083854
68,CG,544,403,619,5,1571,0.5744456177402323,0.42555438225976766,0.39401654996817315,0.003182686187141948
68,CH,631,32,510,4,1177,0.951734539969834,0.048265460030165915,0.4333050127442651,0.0033984706881903144
68,CO,1193,109,1079,14,2395,0.9162826420890937,0.0837173579109063,0.45052192066805846,0.005845511482254697
68,CS1,699,291,718,1,1709,0.706060606060606,0.29393939393939394,0.42012873025160913,0.0005851375073142189
68,CW,733,901,1146,15,2795,0.4485924112607099,0.5514075887392901,0.4100178890876565,0.005366726296958855
68,CX,2324,1486,2571,43,6424,0.6099737532808399,0.3900262467191601,0.4002179327521793,0.006693648816936488
68,DA,1463,187,1224,1,2875,0.8866666666666667,0.11333333333333333,0.4257391304347826,0.00034782608695652176
68,DM,1046,120,877,14,2057,0.8970840480274442,0.10291595197255575,0.42634905201750123,0.006806028196402528
68,EA1,810,145,869,4,1828,0.8481675392670157,0.1518324607329843,0.47538293216630195,0.002188183807439825
68,EF,683,482,835,11,2011,0.5862660944206008,0.41373390557939915,0.41521631029338635,0.005469915464942815
68,EH,1090,109,845,10,2054,0.9090909090909091,0.09090909090909091,0.41139240506329117,0.004868549172346641
68,ENO,811,510,941,10,2272,0.6139288417865254,0.38607115821347465,0.4141725352112676,0.0044014084507042256
68,ES,932,125,754,11,1822,0.8817407757805109,0.11825922421948912,0.4138309549945115,0.0060373216245883645
68,GB,1709,629,1854,27,4219,0.7309666381522669,0.26903336184773313,0.43944062574069687,0.006399620763214032
68,GL,1035,199,1023,7,2264,0.8387358184764991,0.1612641815235008,0.45185512367491165,0.0030918727915194345
68,H,767,91,466,5,1329,0.8939393939393939,0.10606060606060606,0.3506395786305493,0.003762227238525207
68,HE,817,293,858,9,1977,0.7360360360360361,0.263963963963964,0.4339908952959029,0.004552352048558422
68,HF,1252,190,1396,8,2846,0.8682385575589459,0.1317614424410541,0.4905130007027407,0.0028109627547434997
68,HN,1034,441,1208,8,2691,0.7010169491525424,0.29898305084745763,0.44890375325157933,0.0029728725380899295
68,KM,1000,152,864,9,2025,0.8680555555555556,0.13194444444444445,0.4266666666666667,0.0044444444444444444
68,NC,1367,87,1037,8,2499,0.9401650618982118,0.05983493810178817,0.41496598639455784,0.003201280512204882
68,NS,842,128,832,3,1805,0.8680412371134021,0.13195876288659794,0.46094182825484764,0.0016620498614958448
68,OG,1283,611,1441,18,3353,0.67740232312566,0.32259767687434004,0.4297643900984193,0.0053683268714583956
68,OW1,1361,99,1040,18,2518,0.9321917808219178,0.06780821917808219,0.4130262112787927,0.007148530579825258
68,PA,1319,399,1202,9,2929,0.7677532013969732,0.23224679860302677,0.4103789689313759,0.0030727210652099694
68,RE,1529,233,1651,11,3424,0.8677639046538025,0.1322360953461975,0.48218457943925236,0.0032126168224299065
68,RF,1031,183,961,14,2189,0.8492586490939045,0.15074135090609556,0.4390132480584742,0.006395614435815441
68,SJ,1465,207,1097,7,2776,0.8761961722488039,0.12380382775119617,0.39517291066282423,0.002521613832853026
68,SM,773,574,1100,8,2455,0.5738678544914625,0.4261321455085375,0.4480651731160896,0.003258655804480652
68,TH1,1048,66,686,8,1808,0.940754039497307,0.059245960502693,0.37942477876106195,0.004424778761061947
68,TO,512,342,517,8,1379,0.5995316159250585,0.40046838407494145,0.3749093546047861,0.005801305293691081
68,UNC,1605,221,2485,9,4320,0.8789704271631983,0.12102957283680175,0.5752314814814815,0.0020833333333333333
68,WC,717,302,608,6,1633,0.703631010794897,0.296368989205103,0.3723208818126148,0.003674219228413962
68,WD,1278,148,1073,11,2510,0.8962131837307152,0.10378681626928471,0.42749003984063744,0.004382470119521913
68,WDS,358,7,59,0,424,0.9808219178082191,0.019178082191780823,0.1391509433962264,0.0
68,WH,1033,219,697,10,1959,0.8250798722044729,0.17492012779552715,0.3557937723328229,0.005104645227156712
68,WW1,1216,110,947,12,2285,0.9170437405731523,0.08295625942684766,0.41444201312910284,0.00525164113785558
69,1CR,270,633,403,4,1310,0.29900332225913623,0.7009966777408638,0.30763358778625954,0.0030534351145038168
69,1RB,240,682,429,5,1356,0.2603036876355748,0.7396963123644251,0.3163716814159292,0.003687315634218289
69,2OT,454,764,786,11,2015,0.3727422003284072,0.6272577996715928,0.3900744416873449,0.005459057071960298
69,3CH,567,600,460,8,1635,0.48586118251928023,0.5141388174807198,0.28134556574923547,0.004892966360856269
69,4BR,149,205,147,2,503,0.4209039548022599,0.5790960451977402,0.2922465208747515,0.003976143141153081
69,5AP,483,1024,776,15,2298,0.32050431320504313,0.6794956867949569,0.33768494342906874,0.006527415143603133
7,AUROR,352,273,275,3,903,0.5632,0.4368,0.30454042081949056,0.0033222591362126247
7,BEADM,222,867,541,4,1634,0.20385674931129477,0.7961432506887053,0.33108935128518974,0.0024479804161566705
7,BELHV,430,507,330,3,1270,0.4589114194236926,0.5410885805763074,0.25984251968503935,0.002362204724409449
7,BLCK,224,365,231,4,824,0.38030560271646857,0.6196943972835314,0.2803398058252427,0.0048543689320388345
7,CHOCO,817,1428,1147,13,3405,0.36391982182628063,0.6360801781737194,0.3368575624082232,0.0038179148311306903
7,EDWAR,261,342,241,3,847,0.43283582089552236,0.5671641791044776,0.2845336481700118,0.0035419126328217238
7,GILEA,333,940,776,4,2053,0.2615868028279654,0.7384131971720346,0.3779834388699464,0.001948368241597662
7,HB,100,376,233,2,711,0.21008403361344538,0.7899159663865546,0.32770745428973275,0.0028129395218002813
7,NCRK,229,701,404,3,1337,0.24623655913978496,0.7537634408602151,0.3021690351533283,0.002243829468960359
7,OLDF,481,529,430,8,1448,0.4762376237623762,0.5237623762376238,0.2969613259668508,0.0055248618784530384
7,PANTE,260,431,248,1,940,0.37626628075253254,0.6237337192474675,0.26382978723404255,0.0010638297872340426
7,PINET,102,423,253,2,780,0.19428571428571428,0.8057142857142857,0.3243589743589744,0.002564102564102564
7,PSJW3,617,203,341,2,1163,0.7524390243902439,0.2475609756097561,0.293207222699914,0.0017196904557179708
7,RVRD,427,744,653,7,1831,0.36464560204953034,0.6353543979504697,0.3566357181867832,0.0038230475150191155
7,SURBA,234,894,706,7,1841,0.2074468085106383,0.7925531914893617,0.38348723519826183,0.0038022813688212928
7,TCRK,460,953,719,5,2137,0.32554847841472045,0.6744515215852795,0.33645297145531117,0.002339728591483388
7,WASH1,516,323,474,5,1318,0.6150178784266984,0.38498212157330153,0.3596358118361153,0.0037936267071320183
7,WASH2,576,232,362,3,1173,0.7128712871287128,0.2871287128712871,0.30861040068201195,0.0025575447570332483
7,WASH4,566,666,652,11,1895,0.4594155844155844,0.5405844155844156,0.34406332453825855,0.005804749340369393
7,WASHP,251,416,406,4,1077,0.37631184407796103,0.623688155922039,0.37697307335190344,0.003714020427112349
7,WDPD,194,705,534,4,1437,0.21579532814238042,0.7842046718576196,0.37160751565762007,0.0027835768963117608
70,,1,3,4,0,8,0.25,0.75,0.5,0.0
70,EAST,1040,713,1426,23,3202,0.5932686822589845,0.4067313177410154,0.4453466583385384,0.007183010618363523
70,MH,1410,1296,1757,34,4497,0.5210643015521065,0.4789356984478936,0.3907049143873694,0.00756059595285746
70,NEW,614,586,668,9,1877,0.5116666666666667,0.48833333333333334,0.3558870538092701,0.004794885455514118
70,NIX,827,1372,1437,24,3660,0.3760800363801728,0.6239199636198272,0.39262295081967213,0.006557377049180328
70,NORTH,748,440,899,11,2098,0.6296296296296297,0.37037037037037035,0.42850333651096284,0.005243088655862726
70,PRO,1017,1827,1986,35,4865,0.3575949367088608,0.6424050632911392,0.4082219938335046,0.007194244604316547
70,SAL,235,455,478,6,1174,0.34057971014492755,0.6594202898550725,0.4071550255536627,0.005110732538330494
70,SOUTH,1247,314,1125,14,2700,0.7988468930172966,0.2011531069827034,0.4166666666666667,0.005185185185185185
70,WEST,1222,264,973,7,2466,0.8223418573351279,0.17765814266487215,0.39456609894566097,0.00283860502838605
71,,0,1,4,0,5,0.0,1.0,0.8,0.0
71,BW01,1155,2007,1814,27,5003,0.36527514231499053,0.6347248576850095,0.3625824505296822,0.005396761942834299
71,CL05,576,328,363,5,1272,0.6371681415929203,0.36283185840707965,0.28537735849056606,0.003930817610062893
71,LT18,760,2775,2259,51,5845,0.214992927864215,0.785007072135785,0.3864841745081266,0.00872540633019675
71,MC07,783,921,808,17,2529,0.4595070422535211,0.5404929577464789,0.3194938710952946,0.006722024515618822
71,MT19,533,1669,1537,22,3761,0.24205267938237965,0.7579473206176204,0.4086679074714172,0.0058495081095453335
71,PL18,591,1151,806,5,2553,0.33926521239954077,0.6607347876004592,0.3157070113591853,0.0019584802193497847
71,RP21,1258,2839,2389,56,6542,0.3070539419087137,0.6929460580912863,0.3651788443900948,0.008560073372057475
71,SC13,766,2089,1935,28,4818,0.26830122591943956,0.7316987740805604,0.4016189290161893,0.005811540058115401
71,SH12,410,1316,1024,24,2774,0.23754345307068367,0.7624565469293163,0.3691420331651045,0.008651766402307137
71,SP15,739,2345,2186,42,5312,0.23962386511024644,0.7603761348897535,0.4115210843373494,0.007906626506024096
71,UH08,314,121,294,1,730,0.7218390804597701,0.27816091954022987,0.40273972602739727,0.0013698630136986301
71,UT14,613,2292,2061,44,5010,0.21101549053356283,0.7889845094664372,0.411377245508982,0.008782435129740519
72,BELVID,170,275,248,2,695,0.38202247191011235,0.6179775280898876,0.35683453237410073,0.0028776978417266188
72,BETHEL,425,1119,1061,15,2620,0.27525906735751293,0.7247409326424871,0.4049618320610687,0.0057251908396946565
72,EAST H,338,201,295,6,840,0.62708719851577,0.37291280148423006,0.35119047619047616,0.007142857142857143
72,NEW HO,439,980,932,10,2361,0.3093727977448908,0.6906272022551092,0.3947479881406184,0.004235493434985175
72,NICANO,55,75,87,1,218,0.4230769230769231,0.5769230769230769,0.39908256880733944,0.0045871559633027525
72,PARKVI,481,592,589,11,1673,0.4482758620689655,0.5517241379310345,0.35206216377764493,0.00657501494321578
72,WEST H,215,267,293,7,782,0.4460580912863071,0.553941908713693,0.37468030690537085,0.008951406649616368
73,ALVI,713,559,676,6,1954,0.5605345911949685,0.43946540880503143,0.345957011258956,0.0030706243602865915
73,CUCL,448,602,633,5,1688,0.4266666666666667,0.5733333333333334,0.375,0.002962085308056872
73,FLHE,1023,1981,1992,26,5022,0.34054593874833555,0.6594540612516645,0.3966547192353644,0.005177220230983672
73,HLWY,210,399,374,7,990,0.3448275862068966,0.6551724137931034,0.37777777777777777,0.007070707070707071
73,MTTZ,490,869,934,13,2306,0.36055923473142015,0.6394407652685798,0.40503035559410233,0.005637467476149176
73,OLHI,326,583,609,3,1521,0.3586358635863586,0.6413641364136413,0.40039447731755423,0.0019723865877712033
73,PNTH,1324,795,1124,10,3253,0.6248230297310052,0.3751769702689948,0.3455272056563172,0.003074085459575776
73,RCOB,1349,835,1209,19,3412,0.6176739926739927,0.3823260073260073,0.35433763188745604,0.005568581477139508
73,ROXL,664,368,536,8,1576,0.6434108527131783,0.35658914728682173,0.3401015228426396,0.005076142131979695
73,SWST,467,671,655,2,1795,0.4103690685413005,0.5896309314586995,0.3649025069637883,0.0011142061281337048
73,WDSD,365,266,358,0,989,0.5784469096671949,0.4215530903328051,0.3619817997977755,0.0
74,,2,1,5,0,8,0.6666666666666666,0.3333333333333333,0.625,0.0
74,0101,1523,927,1207,19,3676,0.6216326530612245,0.3783673469387755,0.32834602829162135,0.005168661588683352
74,0200A,858,967,984,13,2822,0.47013698630136985,0.5298630136986301,0.3486888731396173,0.004606661941885188
74,0200B,932,605,788,17,2342,0.6063760572543917,0.3936239427456083,0.336464560204953,0.007258753202391118
74,0301,1803,628,1062,9,3502,0.7416700946112711,0.2583299053887289,0.30325528269560253,0.002569960022844089
74,0401,647,264,379,11,1301,0.7102085620197585,0.2897914379802415,0.2913143735588009,0.008455034588777863
74,0501,373,505,377,5,1260,0.42482915717539865,0.5751708428246014,0.2992063492063492,0.003968253968253968
74,0601,840,2147,1775,30,4792,0.2812186139939739,0.7187813860060261,0.37040901502504175,0.006260434056761269
74,0701,533,708,667,17,1925,0.42949234488315874,0.5705076551168412,0.3464935064935065,0.008831168831168832
74,0800A,860,621,665,13,2159,0.5806887238352465,0.41931127616475355,0.3080129689671144,0.006021306160259379
74,0800B,751,464,582,7,1804,0.6181069958847737,0.38189300411522636,0.32261640798226165,0.003880266075388027
74,0901,243,283,196,2,724,0.4619771863117871,0.5380228136882129,0.27071823204419887,0.0027624309392265192
74,1001,886,949,929,18,2782,0.4828337874659401,0.5171662125340599,0.3339324227174694,0.006470165348670022
74,1101,347,381,408,9,1145,0.4766483516483517,0.5233516483516484,0.3563318777292576,0.007860262008733625
74,1102A,1088,1174,1268,23,3553,0.48099027409372236,0.5190097259062776,0.35688150858429496,0.00647340275823248
74,1102B,1019,1677,1634,16,4346,0.3779673590504451,0.6220326409495549,0.37597791072250347,0.0036815462494247586
74,1201,1341,1085,1169,19,3614,0.5527617477328937,0.44723825226710634,0.323464305478694,0.005257332595462092
74,1301,188,519,418,3,1128,0.26591230551626593,0.7340876944837341,0.37056737588652483,0.0026595744680851063
74,1403A1,1079,1025,1127,12,3243,0.5128326996197718,0.48716730038022815,0.3475177304964539,0.0037002775208140612
74,1403A2,1230,873,1157,20,3280,0.5848787446504993,0.41512125534950073,0.35274390243902437,0.006097560975609756
74,1403B,1534,1264,1544,23,4365,0.5482487491065047,0.4517512508934953,0.3537227949599084,0.005269186712485682
74,1501,580,49,245,5,879,0.9220985691573926,0.07790143084260731,0.2787258248009101,0.005688282138794084
74,1503,1034,220,898,19,2171,0.8245614035087719,0.17543859649122806,0.41363426992169505,0.008751727314601566
74,1504A,1276,185,863,9,2333,0.8733744010951403,0.1266255989048597,0.36990998714102014,0.0038576939562794685
74,1504B,2182,572,1403,27,4184,0.7923021060275962,0.20769789397240376,0.33532504780114725,0.006453154875717017
74,1505A,1028,249,701,14,1992,0.8050117462803446,0.19498825371965545,0.35190763052208834,0.007028112449799197
74,1505B,1447,123,725,12,2307,0.921656050955414,0.07834394904458598,0.3142609449501517,0.005201560468140442
74,1506,725,247,832,14,1818,0.7458847736625515,0.25411522633744854,0.45764576457645767,0.007700770077007701
74,1507,953,574,1657,23,3207,0.6240995415848068,0.3759004584151932,0.516682257561584,0.007171811661989398
74,1507B,341,277,1101,10,1729,0.551779935275081,0.4482200647249191,0.6367842683632158,0.00578368999421631
74,1508A,226,448,732,9,1415,0.3353115727002967,0.6646884272997032,0.5173144876325089,0.0063604240282685515
74,1508B,515,277,727,15,1534,0.6502525252525253,0.34974747474747475,0.47392438070404175,0.009778357235984355
74,1509,1168,878,1375,23,3444,0.570869990224829,0.4291300097751711,0.3992450638792102,0.006678281068524971
74,1510A,686,717,744,9,2156,0.488952245188881,0.5110477548111191,0.3450834879406308,0.004174397031539889
74,1510B,773,662,913,7,2355,0.5386759581881533,0.46132404181184666,0.38768577494692147,0.0029723991507431
74,1511A,1022,1243,1349,16,3630,0.4512141280353201,0.5487858719646799,0.37162534435261707,0.004407713498622589
74,1511B,1116,756,1254,24,3150,0.5961538461538461,0.40384615384615385,0.3980952380952381,0.007619047619047619
74,1512A,2503,1339,2115,28,5985,0.6514836022904738,0.3485163977095263,0.3533834586466165,0.004678362573099415
74,1512B,986,436,884,13,2319,0.6933895921237694,0.3066104078762307,0.3811987925830099,0.00560586459680897
74,1513A,973,994,1217,24,3208,0.49466192170818507,0.505338078291815,0.3793640897755611,0.007481296758104738
74,1513B,737,772,934,13,2456,0.48840291583830353,0.5115970841616965,0.3802931596091205,0.005293159609120521
75,,0,7,5,0,12,0.0,1.0,0.4166666666666667,0.0
75,CG05,149,876,668,9,1702,0.14536585365853658,0.8546341463414634,0.39247943595769685,0.005287896592244419
75,CL07,469,809,944,16,2238,0.3669796557120501,0.63302034428795,0.42180518319928506,0.0071492403932082215
75,CL08,473,1100,1076,14,2663,0.3006993006993007,0.6993006993006993,0.40405557641757417,0.005257228689447991
75,GC09,486,1105,932,7,2530,0.30546825895663104,0.6945317410433689,0.3683794466403162,0.002766798418972332
75,SA04,311,547,657,7,1522,0.36247086247086246,0.6375291375291375,0.4316688567674113,0.0045992115637319315
75,TR123,761,760,1158,15,2694,0.5003287310979618,0.4996712689020381,0.4298440979955457,0.005567928730512249
75,WO06,298,716,665,9,1688,0.2938856015779093,0.7061143984220908,0.39395734597156395,0.00533175355450237
76,,2,0,2,0,4,1.0,0.0,0.5,0.0
76,AE,1093,1423,1320,18,3854,0.43441971383147854,0.5655802861685215,0.34250129735339907,0.00467047223663726
76,AN,715,1344,1382,27,3468,0.34725594949004374,0.6527440505099563,0.39850057670126876,0.007785467128027681
76,AR,1053,3943,2335,36,7367,0.21076861489191354,0.7892313851080864,0.3169539839826252,0.004886656712365957
76,AS,483,1817,1230,19,3549,0.21,0.79,0.34657650042265425,0.005353620738236123
76,AW,1027,2024,1848,34,4933,0.33661094723041624,0.6633890527695837,0.3746199067504561,0.006892357591729171
76,BC,220,1863,892,19,2994,0.10561689870379261,0.8943831012962074,0.29792919171676685,0.006346025384101536
76,DR,482,2292,1321,19,4114,0.17375630857966834,0.8262436914203316,0.32109868740884784,0.004618376276130287
76,GR,456,2021,1100,17,3594,0.18409366168752522,0.8159063383124747,0.3060656649972176,0.0047301057317751805
76,LB,591,1122,782,9,2504,0.3450087565674256,0.6549912434325744,0.31230031948881787,0.003594249201277955
76,LC,249,1252,673,12,2186,0.1658894070619587,0.8341105929380414,0.30786825251601097,0.0054894784995425435
76,NM,333,2577,1147,17,4074,0.11443298969072165,0.8855670103092783,0.2815414825724104,0.004172803141875307
76,PR,485,3168,1556,27,5236,0.13276758828360252,0.8672324117163975,0.29717341482047366,0.005156608097784569
76,RM,526,1314,803,15,2658,0.2858695652173913,0.7141304347826087,0.3021068472535741,0.0056433408577878106
76,RN,741,2741,1741,27,5250,0.21280873061458933,0.7871912693854107,0.33161904761904765,0.005142857142857143
76,SE,179,1201,522,2,1904,0.12971014492753624,0.8702898550724638,0.27415966386554624,0.0010504201680672268
76,SO,323,1968,1045,13,3349,0.140986468790921,0.859013531209079,0.3120334428187519,0.003881755747984473
76,ST,219,1121,564,9,1913,0.16343283582089552,0.8365671641791045,0.29482488238369053,0.004704652378463147
76,SW,158,1683,755,9,2605,0.08582292232482347,0.9141770776751765,0.28982725527831094,0.00345489443378119
76,TB,175,1759,830,17,2781,0.0904860392967942,0.9095139607032058,0.29845379359942464,0.006112909025530385
76,TR,1005,4730,2674,45,8454,0.17523975588491716,0.8247602441150829,0.31629997634255974,0.00532292405961675
76,TT,348,2368,1110,18,3844,0.12812960235640647,0.8718703976435935,0.2887617065556712,0.004682622268470343
76,UG,720,3928,2202,25,6875,0.1549053356282272,0.8450946643717728,0.32029090909090907,0.0036363636363636364
77,01,1703,801,1165,15,3684,0.680111821086262,0.319888178913738,0.31623235613463624,0.004071661237785016
77,02,1330,1379,1502,20,4231,0.4909560723514212,0.5090439276485789,0.3549988182462775,0.004727014890096904
77,08,1307,842,939,15,3103,0.608189855746859,0.391810144253141,0.3026103770544634,0.004834031582339671
77,09,1501,1435,1450,10,4396,0.5112397820163488,0.4887602179836512,0.32984531392174704,0.0022747952684258415
77,10,340,175,255,4,774,0.6601941747572816,0.33980582524271846,0.32945736434108525,0.00516795865633075
77,14,60,27,29,0,116,0.6896551724137931,0.3103448275862069,0.25,0.0
77,21,562,599,648,2,1811,0.48406546080964685,0.5159345391903531,0.3578133627829928,0.0011043622308117063
77,22,774,582,746,13,2115,0.5707964601769911,0.42920353982300885,0.35271867612293145,0.006146572104018913
77,23,410,538,587,3,1538,0.43248945147679324,0.5675105485232067,0.38166449934980495,0.0019505851755526658
77,24,527,597,501,7,1632,0.46886120996441283,0.5311387900355872,0.3069852941176471,0.00428921568627451
77,25,262,336,255,4,857,0.43812709030100333,0.5618729096989966,0.2975495915985998,0.004667444574095682
78,,1,0,1,0,2,1.0,0.0,0.5,0.0
78,01,350,289,357,1,997,0.5477308294209703,0.4522691705790297,0.35807422266800404,0.0010030090270812437
78,02,899,383,778,5,2065,0.7012480499219969,0.29875195007800315,0.37675544794188864,0.002421307506053269
78,03,632,513,816,12,1973,0.5519650655021834,0.4480349344978166,0.41358337557019764,0.006082108464267613
78,04,762,433,779,9,1983,0.6376569037656904,0.3623430962343096,0.39283913262733233,0.0045385779122541605
78,05A,1438,454,980,8,2880,0.7600422832980972,0.23995771670190275,0.3402777777777778,0.002777777777777778
78,07,310,115,271,1,697,0.7294117647058823,0.27058823529411763,0.38880918220946914,0.0014347202295552368
78,08,453,463,661,2,1579,0.4945414847161572,0.5054585152838428,0.41861937935402155,0.001266624445851805
78,09,487,290,514,4,1295,0.6267696267696268,0.3732303732303732,0.3969111969111969,0.003088803088803089
78,10,318,264,343,2,927,0.5463917525773195,0.4536082474226804,0.37001078748651567,0.002157497303128371
78,11,1079,818,1267,6,3170,0.5687928307854507,0.43120716921454927,0.3996845425867508,0.0018927444794952682
78,11A,460,351,605,6,1422,0.5672009864364982,0.43279901356350187,0.42545710267229253,0.004219409282700422
78,12,848,250,780,8,1886,0.7723132969034608,0.22768670309653916,0.4135737009544008,0.0042417815482502655
78,13,628,248,614,3,1493,0.7168949771689498,0.2831050228310502,0.4112525117213664,0.0020093770931011385
78,14,350,150,415,1,916,0.7,0.3,0.45305676855895194,0.001091703056768559
78,15,434,73,348,4,859,0.8560157790927022,0.14398422090729784,0.4051222351571595,0.004656577415599534
78,16,561,48,349,3,961,0.9211822660098522,0.07881773399014778,0.3631633714880333,0.003121748178980229
78,17,165,49,131,0,345,0.7710280373831776,0.22897196261682243,0.37971014492753624,0.0
78,18A,533,248,537,4,1322,0.6824583866837388,0.3175416133162612,0.4062027231467474,0.0030257186081694403
78,19,1202,442,854,8,2506,0.7311435523114356,0.2688564476885645,0.3407821229050279,0.0031923383878691143
78,20,384,246,357,0,987,0.6095238095238096,0.3904761904761905,0.3617021276595745,0.0
78,21,654,653,788,13,2108,0.5003825554705432,0.4996174445294568,0.3738140417457306,0.006166982922201139
78,22,707,510,912,2,2131,0.5809367296631059,0.419063270336894,0.4279680900985453,0.0009385265133740028
78,23,1055,799,1275,12,3141,0.5690399137001079,0.43096008629989213,0.4059216809933142,0.0038204393505253103
78,24,372,285,434,3,1094,0.5662100456621004,0.4337899543378995,0.396709323583181,0.002742230347349177
78,25,589,340,665,3,1597,0.6340150699677072,0.36598493003229277,0.4164057608015028,0.001878522229179712
78,26A,1436,358,893,10,2697,0.8004459308807135,0.1995540691192865,0.3311086392287727,0.0037078235076010383
78,28,313,261,467,3,1044,0.5452961672473867,0.4547038327526132,0.44731800766283525,0.0028735632183908046
78,29,658,165,359,3,1185,0.7995139732685298,0.20048602673147023,0.3029535864978903,0.002531645569620253
78,30,815,584,1049,4,2452,0.5825589706933524,0.4174410293066476,0.42781402936378465,0.0016313213703099511
78,32A,1480,1061,1528,22,4091,0.5824478551751279,0.4175521448248721,0.37350281104864336,0.005377658274260572
78,33,176,142,187,0,505,0.5534591194968553,0.44654088050314467,0.3702970297029703,0.0
78,34,422,414,654,4,1494,0.5047846889952153,0.49521531100478466,0.43775100401606426,0.002677376171352075
78,35,586,555,753,3,1897,0.5135845749342682,0.4864154250657318,0.39694254085397995,0.0015814443858724301
78,36,423,147,411,6,987,0.7421052631578947,0.2578947368421053,0.41641337386018235,0.0060790273556231
78,37,128,167,230,2,527,0.43389830508474575,0.5661016949152542,0.4364326375711575,0.003795066413662239
78,38,146,93,169,1,409,0.6108786610878661,0.3891213389121339,0.4132029339853301,0.0024449877750611247
78,39,543,402,572,0,1517,0.5746031746031746,0.4253968253968254,0.3770599868160844,0.0
78,40,190,115,150,2,457,0.6229508196721312,0.3770491803278688,0.3282275711159737,0.00437636761487965
78,41,794,748,1415,7,2964,0.5149156939040207,0.48508430609597925,0.4773954116059379,0.0023616734143049934
79,,0,0,1,0,1,0.5,0.5,1.0,0.0
79,DR,510,670,589,16,1785,0.4322033898305085,0.5677966101694916,0.3299719887955182,0.008963585434173669
79,EC,953,1424,1116,16,3509,0.40092553639040807,0.5990744636095919,0.31803932744371616,0.004559703619264748
79,ED,1440,2160,1770,28,5398,0.4,0.6,0.32789922193404963,0.005187106335679882
79,HO-1,500,1436,1118,14,3068,0.25826446280991733,0.7417355371900827,0.3644067796610169,0.0045632333767926985
79,HU-1,568,2018,1433,24,4043,0.21964423820572312,0.7803557617942769,0.35443977244620334,0.005936186000494682
79,LI-1,676,1801,1219,21,3717,0.2729107791683488,0.7270892208316512,0.3279526499865483,0.005649717514124294
79,MO,542,1665,1097,10,3314,0.24558223833257817,0.7544177616674218,0.33101991550995774,0.0030175015087507543
79,NB,457,1813,1212,23,3505,0.2013215859030837,0.7986784140969163,0.34579172610556347,0.006562054208273894
79,RC,873,2207,1453,21,4554,0.28344155844155844,0.7165584415584415,0.3190601668862538,0.00461133069828722
79,RE-1,2052,1409,1483,19,4963,0.5928922276798613,0.40710777232013867,0.2988112029014709,0.0038283296393310496
79,RE-2,1610,1501,1459,16,4586,0.5175184828029572,0.48248151719704274,0.3181421718273005,0.0034888791975577847
79,ST,860,2055,1568,23,4506,0.2950257289879931,0.7049742710120068,0.3479804704837994,0.0051043053706169555
79,WI,1067,1448,1037,17,3569,0.4242544731610338,0.5757455268389662,0.2905575791538246,0.0047632390025217144
79,WS-1,1180,2175,1635,36,5026,0.35171385991058124,0.6482861400894188,0.325308396339037,0.00716275368085953
8,C1,323,170,224,2,719,0.6551724137931034,0.3448275862068966,0.31154381084840055,0.0027816411682892906
8,C2,709,95,239,0,1043,0.8818407960199005,0.1181592039800995,0.22914669223394055,0.0
8,IW,206,18,50,1,275,0.9196428571428571,0.08035714285714286,0.18181818181818182,0.0036363636363636364
8,M1,296,130,177,0,603,0.6948356807511737,0.3051643192488263,0.2935323383084577,0.0
8,M2,349,107,179,6,641,0.7653508771929824,0.23464912280701755,0.2792511700468019,0.0093603744149766
8,MH,331,154,200,5,690,0.6824742268041237,0.31752577319587627,0.2898550724637681,0.007246376811594203
8,RX,576,79,233,2,890,0.8793893129770992,0.12061068702290076,0.26179775280898876,0.0022471910112359553
8,SN,467,59,135,3,664,0.8878326996197718,0.11216730038022814,0.2033132530120482,0.004518072289156626
8,W1,1820,382,831,13,3046,0.8265213442325159,0.1734786557674841,0.2728168089297439,0.004267892317793828
8,W2,173,158,275,0,606,0.5226586102719033,0.4773413897280967,0.4537953795379538,0.0
8,WD,449,38,127,0,614,0.9219712525667351,0.07802874743326489,0.20684039087947884,0.0
8,WH,369,221,306,3,899,0.6254237288135593,0.37457627118644066,0.3403781979977753,0.0033370411568409346
80,01,158,977,515,6,1656,0.13920704845814977,0.8607929515418502,0.3109903381642512,0.0036231884057971015
80,02,355,434,425,6,1220,0.449936628643853,0.550063371356147,0.3483606557377049,0.004918032786885246
80,03,193,1262,613,7,2075,0.13264604810996564,0.8673539518900344,0.29542168674698793,0.0033734939759036144
80,04,365,2345,1345,27,4082,0.13468634686346864,0.8653136531365314,0.3294953454189123,0.006614404703576678
80,05A,615,1923,1340,29,3907,0.24231678486997635,0.7576832151300237,0.342974148963399,0.0074225748656258
80,07,398,828,565,10,1801,0.32463295269168024,0.6753670473083198,0.31371460299833426,0.00555247084952804
80,08,551,1449,1015,11,3026,0.2755,0.7245,0.3354263053536021,0.0036351619299405157
80,09,192,1093,640,12,1937,0.14941634241245136,0.8505836575875486,0.3304078471863707,0.00619514713474445
80,10,375,1514,976,16,2881,0.19851773425092642,0.8014822657490736,0.3387712599791739,0.0055536272127733426
80,11,567,1155,1001,12,2735,0.32926829268292684,0.6707317073170732,0.3659963436928702,0.0043875685557586835
80,12,537,576,590,13,1716,0.48247978436657685,0.5175202156334232,0.34382284382284384,0.007575757575757576
80,13,192,1237,709,7,2145,0.13435969209237228,0.8656403079076277,0.3305361305361305,0.0032634032634032634
80,14A,589,2023,1408,21,4041,0.22549770290964777,0.7745022970903522,0.34842860678049986,0.005196733481811433
80,15,493,1710,963,20,3186,0.22378574670903315,0.7762142532909668,0.3022598870056497,0.006277463904582548
80,16,541,653,839,18,2051,0.45309882747068675,0.5469011725293133,0.409068746952706,0.008776206728425159
80,17,544,889,872,25,2330,0.3796231681786462,0.6203768318213538,0.3742489270386266,0.01072961373390558
80,18,476,67,210,3,756,0.8766114180478821,0.12338858195211787,0.2777777777777778,0.003968253968253968
80,19A,618,1990,1347,19,3974,0.23696319018404907,0.7630368098159509,0.33895319577252137,0.004781077000503271
80,21,481,1112,879,5,2477,0.3019460138104206,0.6980539861895794,0.3548647557529269,0.0020185708518368995
80,22,49,585,250,2,886,0.07728706624605679,0.9227129337539433,0.28216704288939054,0.002257336343115124
80,23,116,973,443,3,1535,0.10651974288337925,0.8934802571166207,0.28859934853420194,0.001954397394136808
80,24,159,852,465,8,1484,0.1572700296735905,0.8427299703264095,0.3133423180592992,0.005390835579514825
80,25,371,1910,1103,19,3403,0.16264796142042964,0.8373520385795704,0.3241257713781957,0.005583308845136644
80,26,123,1053,551,10,1737,0.10459183673469388,0.8954081632653061,0.31721358664363847,0.0057570523891767415
80,27,173,642,343,3,1161,0.21226993865030674,0.7877300613496933,0.2954349698535745,0.002583979328165375
80,28,666,504,737,19,1926,0.5692307692307692,0.4307692307692308,0.3826583592938733,0.009865005192107996
80,29,157,571,363,10,1101,0.21565934065934067,0.7843406593406593,0.329700272479564,0.009082652134423252
80,30,526,840,723,11,2100,0.3850658857979502,0.6149341142020498,0.3442857142857143,0.005238095238095238
80,31,206,791,512,9,1518,0.20661985957873621,0.7933801404212638,0.3372859025032938,0.005928853754940711
80,32,275,827,480,12,1594,0.24954627949183303,0.7504537205081669,0.30112923462986196,0.0075282308657465494
80,33,132,1066,464,8,1670,0.11018363939899833,0.8898163606010017,0.2778443113772455,0.004790419161676647
80,34,800,631,908,22,2361,0.5590496156533893,0.44095038434661077,0.38458280389665395,0.009318085556967387
80,35,415,190,421,10,1036,0.6859504132231405,0.3140495867768595,0.4063706563706564,0.009652509652509652
80,36,987,621,900,15,2523,0.6138059701492538,0.38619402985074625,0.356718192627824,0.005945303210463734
80,38,956,512,750,9,2227,0.6512261580381471,0.34877384196185285,0.3367759317467445,0.004041311180960934
80,39,448,525,598,5,1576,0.460431654676259,0.539568345323741,0.37944162436548223,0.0031725888324873096
80,40,647,655,828,16,2146,0.4969278033794163,0.5030721966205837,0.385834109972041,0.007455731593662628
80,41,766,635,830,23,2254,0.5467523197715917,0.4532476802284083,0.3682342502218279,0.01020408163265306
80,42,796,50,454,7,1307,0.9408983451536643,0.0591016548463357,0.3473603672532517,0.005355776587605203
80,44,237,1426,813,13,2489,0.14251352976548406,0.857486470234516,0.32663720369626353,0.005222981116914423
80,45,390,459,399,5,1253,0.45936395759717313,0.5406360424028268,0.31843575418994413,0.0039904229848363925
81,03A,210,1087,701,9,2007,0.16191210485736315,0.8380878951426368,0.34927752864972594,0.004484304932735426
81,04A,282,1131,721,9,2143,0.19957537154989385,0.8004246284501062,0.3364442370508633,0.004199720018665422
81,05A,403,1144,858,13,2418,0.2605042016806723,0.7394957983193278,0.3548387096774194,0.005376344086021506
81,06A,450,921,1014,15,2400,0.3282275711159737,0.6717724288840262,0.4225,0.00625
81,09A,409,1594,1024,12,3039,0.20419370943584622,0.7958062905641538,0.33695294504771306,0.003948667324777887
81,10A,116,676,442,7,1241,0.14646464646464646,0.8535353535353535,0.3561643835616438,0.0056406124093473006
81,11,692,2427,1721,28,4868,0.22186598268675858,0.7781340173132414,0.3535332785538209,0.005751848808545604
81,13,918,1293,1206,16,3433,0.4151967435549525,0.5848032564450475,0.35129624235362655,0.00466064666472473
81,14,483,825,829,18,2155,0.36926605504587157,0.6307339449541285,0.3846867749419954,0.008352668213457077
81,16A,308,1365,895,10,2578,0.18410041841004185,0.8158995815899581,0.34716834755624515,0.003878975950349108
81,18,312,975,705,11,2003,0.24242424242424243,0.7575757575757576,0.35197204193709436,0.0054917623564653024
81,19,269,926,598,13,1806,0.22510460251046024,0.7748953974895397,0.33111849390919157,0.007198228128460687
81,27,619,1263,1178,11,3071,0.3289054197662062,0.6710945802337939,0.38358840768479324,0.0035818951481602084
81,28,279,691,494,4,1468,0.2876288659793814,0.7123711340206186,0.33651226158038144,0.0027247956403269754
81,29,365,771,587,5,1728,0.32130281690140844,0.6786971830985915,0.33969907407407407,0.0028935185185185184
81,30,747,1055,1021,9,2832,0.41453940066592676,0.5854605993340732,0.3605225988700565,0.0031779661016949155
81,34,154,720,494,9,1377,0.17620137299771166,0.8237986270022883,0.3587509077705156,0.006535947712418301
82,AUTR,217,844,403,4,1468,0.20452403393025448,0.7954759660697456,0.27452316076294275,0.0027247956403269754
82,CLCE,480,84,164,1,729,0.851063829787234,0.14893617021276595,0.22496570644718794,0.0013717421124828531
82,CLEA,1068,672,563,11,2314,0.6137931034482759,0.38620689655172413,0.24330164217804667,0.004753673292999135
82,CLEM,247,767,409,5,1428,0.24358974358974358,0.7564102564102564,0.2864145658263305,0.0035014005602240898
82,CLNE,489,762,418,13,1682,0.3908872901678657,0.6091127098321343,0.24851367419738407,0.0077288941736028535
82,CLSW,408,495,460,4,1367,0.45182724252491696,0.5481727574750831,0.33650329188002925,0.002926115581565472
82,CLWE,406,762,367,7,1542,0.3476027397260274,0.6523972602739726,0.23800259403372243,0.004539559014267186
82,GARL,460,331,247,0,1038,0.5815423514538559,0.41845764854614415,0.23795761078998073,0.0
82,GIDD,389,373,276,5,1043,0.510498687664042,0.489501312335958,0.26462128475551294,0.004793863854266539
82,HARR,721,353,318,4,1396,0.6713221601489758,0.3286778398510242,0.22779369627507162,0.0028653295128939827
82,HERR,58,478,152,2,690,0.10820895522388059,0.8917910447761194,0.22028985507246376,0.002898550724637681
82,INGO,399,392,249,4,1044,0.504424778761062,0.49557522123893805,0.23850574712643677,0.0038314176245210726
82,KEEN,239,545,372,1,1157,0.3048469387755102,0.6951530612244898,0.32152117545375974,0.000864304235090752
82,KFRK,468,714,433,8,1623,0.39593908629441626,0.6040609137055838,0.26678989525569935,0.004929143561306223
82,LAKE,1044,756,526,9,2335,0.58,0.42,0.2252676659528908,0.003854389721627409
82,MING,372,1342,652,22,2388,0.21703617269544925,0.7829638273045507,0.2730318257956449,0.009212730318257957
82,NGRV,335,579,329,5,1248,0.3665207877461707,0.6334792122538293,0.2636217948717949,0.004006410256410256
82,PLVW,298,1552,604,10,2464,0.16108108108108107,0.8389189189189189,0.24512987012987014,0.004058441558441558
82,ROSE,265,665,437,8,1375,0.2849462365591398,0.7150537634408602,0.31781818181818183,0.005818181818181818
82,ROWA,412,594,339,3,1348,0.4095427435387674,0.5904572564612326,0.25148367952522255,0.002225519287833828
82,SBRG,209,462,239,7,917,0.3114754098360656,0.6885245901639344,0.2606324972737186,0.007633587786259542
82,TURK,357,343,240,4,944,0.51,0.49,0.2542372881355932,0.00423728813559322
82,WBRK,227,727,379,7,1340,0.2379454926624738,0.7620545073375262,0.2828358208955224,0.0052238805970149255
83,01-16,1389,303,831,11,2534,0.8209219858156028,0.17907801418439717,0.32794001578531967,0.004340962904498816
83,02-25,1099,650,971,12,2732,0.6283590623213264,0.3716409376786735,0.3554172767203514,0.004392386530014641
83,03,1013,643,985,11,2652,0.6117149758454107,0.3882850241545894,0.37141779788838614,0.004147812971342383
83,04,1108,844,1224,12,3188,0.5676229508196722,0.4323770491803279,0.383939774153074,0.0037641154328732747
83,05-10,520,483,708,6,1717,0.518444666001994,0.481555333998006,0.41234711706464766,0.0034944670937682005
83,06-89,798,813,1179,10,2800,0.49534450651769085,0.5046554934823091,0.4210714285714286,0.0035714285714285713
83,07,1140,689,917,13,2759,0.6232914160743576,0.37670858392564244,0.3323667995650598,0.004711852120333454
84,0003,468,710,812,10,2000,0.39728353140916806,0.6027164685908319,0.406,0.005
84,0011,209,571,471,9,1260,0.26794871794871794,0.732051282051282,0.3738095238095238,0.007142857142857143
84,0014,127,492,370,0,989,0.20516962843295639,0.7948303715670436,0.3741152679474216,0.0
84,0015,310,441,383,5,1139,0.41278295605858856,0.5872170439414115,0.3362598770851624,0.004389815627743635
84,0016,241,534,389,7,1171,0.3109677419354839,0.6890322580645162,0.33219470538001705,0.005977796754910333
84,0017,247,1011,578,6,1842,0.19634340222575516,0.8036565977742448,0.31378935939196523,0.003257328990228013
84,0018,149,584,345,4,1082,0.20327421555252387,0.7967257844474761,0.3188539741219963,0.0036968576709796672
84,0019,131,950,491,8,1580,0.1211840888066605,0.8788159111933395,0.31075949367088607,0.005063291139240506
84,0021,89,817,359,1,1266,0.09823399558498896,0.9017660044150111,0.2835703001579779,0.0007898894154818325
84,0022,256,1080,566,8,1910,0.19161676646706588,0.8083832335329342,0.2963350785340314,0.004188481675392671
84,0023,283,1825,1010,18,3136,0.1342504743833017,0.8657495256166983,0.32206632653061223,0.005739795918367347
84,0024,465,2199,1380,28,4072,0.17454954954954954,0.8254504504504504,0.3388998035363458,0.0068762278978389
84,0025,333,2132,1109,12,3586,0.13509127789046654,0.8649087221095335,0.30925822643614054,0.0033463469046291134
84,0107,613,840,822,17,2292,0.42188575361321407,0.578114246386786,0.3586387434554974,0.007417102966841187
84,0108,751,163,342,9,1265,0.8216630196936543,0.17833698030634573,0.27035573122529644,0.0071146245059288534
84,0110,435,667,660,15,1777,0.39473684210526316,0.6052631578947368,0.37141249296567247,0.008441193021947102
84,0113,151,629,469,4,1253,0.1935897435897436,0.8064102564102564,0.3743016759776536,0.0031923383878691143
84,0120,202,1639,797,15,2653,0.10972297664312873,0.8902770233568713,0.3004146249528835,0.005653976630229929
84,0126,306,1111,621,11,2049,0.21594918842625266,0.7840508115737473,0.30307467057101023,0.005368472425573451
84,0127,604,1521,926,12,3063,0.2842352941176471,0.715764705882353,0.30231798889977146,0.0039177277179236044
84,0212,346,1048,796,12,2202,0.24820659971305595,0.7517934002869441,0.3614895549500454,0.005449591280653951
85,01,85,412,243,0,740,0.1710261569416499,0.8289738430583501,0.32837837837837835,0.0
85,02,193,905,546,10,1654,0.17577413479052822,0.8242258652094717,0.3301088270858525,0.006045949214026602
85,03,117,815,373,6,1311,0.1255364806866953,0.8744635193133047,0.28451563691838294,0.004576659038901602
85,04,190,1101,642,7,1940,0.14717273431448488,0.8528272656855151,0.3309278350515464,0.0036082474226804126
85,0506,183,760,449,12,1404,0.19406150583244963,0.8059384941675504,0.3198005698005698,0.008547008547008548
85,07,82,329,218,11,640,0.19951338199513383,0.8004866180048662,0.340625,0.0171875
85,08,138,841,368,6,1353,0.14096016343207354,0.8590398365679265,0.2719881744271988,0.004434589800443459
85,09,300,1121,598,9,2028,0.211118930330753,0.788881069669247,0.2948717948717949,0.004437869822485207
85,10,493,1964,1162,22,3641,0.20065120065120065,0.7993487993487993,0.31914309255698986,0.006042296072507553
85,11,466,1890,1013,19,3388,0.19779286926994907,0.8022071307300509,0.2989964580873672,0.005608028335301062
85,12,202,1006,569,21,1798,0.1672185430463576,0.8327814569536424,0.3164627363737486,0.01167964404894327
85,13,160,975,522,11,1668,0.14096916299559473,0.8590308370044053,0.3129496402877698,0.006594724220623501
85,140,260,1223,699,16,2198,0.17532029669588672,0.8246797033041133,0.3180163785259327,0.007279344858962694
85,150,180,699,356,6,1241,0.20477815699658702,0.7952218430034129,0.2868654311039484,0.004834810636583401
85,1618,463,855,534,7,1859,0.3512898330804249,0.6487101669195751,0.2872512103281334,0.0037654653039268424
85,17,294,790,439,8,1531,0.27121771217712176,0.7287822878228782,0.286740692357936,0.005225342913128674
85,1819,185,463,266,1,915,0.2854938271604938,0.7145061728395061,0.2907103825136612,0.001092896174863388
85,20,174,708,421,5,1308,0.19727891156462585,0.8027210884353742,0.32186544342507645,0.00382262996941896
86,01,241,941,535,6,1723,0.2038917089678511,0.7961082910321489,0.3105049332559489,0.003482298316889147
86,04,318,752,547,5,1622,0.297196261682243,0.702803738317757,0.3372379778051788,0.0030826140567200987
86,05,193,1383,718,9,2303,0.12246192893401016,0.8775380710659898,0.3117672600955276,0.0039079461571862786
86,09,143,667,450,6,1266,0.1765432098765432,0.8234567901234567,0.35545023696682465,0.004739336492890996
86,10,107,684,325,0,1116,0.13527180783817952,0.8647281921618205,0.29121863799283154,0.0
86,11,199,602,454,4,1259,0.2484394506866417,0.7515605493133583,0.36060365369340747,0.003177124702144559
86,12,368,775,752,11,1906,0.3219597550306212,0.6780402449693789,0.3945435466946485,0.005771248688352571
86,15,310,754,564,9,1637,0.29135338345864664,0.7086466165413534,0.3445326817348809,0.005497861942577886
86,16,159,685,401,6,1251,0.18838862559241706,0.8116113744075829,0.3205435651478817,0.004796163069544364
86,17,167,602,397,7,1173,0.21716514954486346,0.7828348504551366,0.33844842284739984,0.005967604433077579
86,18,300,947,626,7,1880,0.24057738572574178,0.7594226142742582,0.33297872340425533,0.003723404255319149
86,19,433,1214,867,11,2525,0.2629022465088039,0.7370977534911961,0.3433663366336634,0.004356435643564357
86,22,165,549,378,3,1095,0.23109243697478993,0.7689075630252101,0.3452054794520548,0.0027397260273972603
86,23,175,750,419,4,1348,0.1891891891891892,0.8108108108108109,0.3108308605341246,0.002967359050445104
86,24,92,431,197,3,723,0.17590822179732313,0.8240917782026769,0.27247579529737204,0.004149377593360996
86,25,187,678,500,8,1373,0.2161849710982659,0.7838150289017342,0.3641660597232338,0.005826656955571741
86,26,313,1334,806,9,2462,0.19004250151791136,0.8099574984820886,0.3273761169780666,0.0036555645816409425
86,27,185,812,447,9,1453,0.1855566700100301,0.8144433299899699,0.30763936682725396,0.006194081211286993
86,28,173,678,425,7,1283,0.20329024676850763,0.7967097532314924,0.33125487139516757,0.005455962587685113
86,29,544,1308,912,9,2773,0.2937365010799136,0.7062634989200864,0.3288856833754057,0.0032455824017309774
86,30,825,1889,1310,18,4042,0.30397936624907884,0.6960206337509212,0.32409698169223156,0.004453240969816922
86,32,423,1545,919,17,2904,0.2149390243902439,0.7850609756097561,0.3164600550964187,0.005853994490358127
86,34,771,1707,1324,19,3821,0.31113801452784506,0.6888619854721549,0.34650615022245485,0.004972520282648521
87,ALARKA,182,278,247,7,714,0.39565217391304347,0.6043478260869565,0.34593837535014005,0.00980392156862745
87,ALMOND,216,537,480,5,1238,0.2868525896414343,0.7131474103585658,0.3877221324717286,0.004038772213247173
87,BC1,459,711,796,15,1981,0.3923076923076923,0.6076923076923076,0.4018172640080767,0.00757193336698637
87,BC2,492,694,743,19,1948,0.4148397976391231,0.5851602023608768,0.38141683778234087,0.009753593429158111
87,WHCH,720,645,1184,27,2576,0.5274725274725275,0.4725274725274725,0.45962732919254656,0.01048136645962733
88,B1,458,336,828,9,1631,0.5768261964735516,0.42317380352644834,0.5076640098099325,0.005518087063151441
88,B2,456,336,642,6,1440,0.5757575757575758,0.42424242424242425,0.44583333333333336,0.004166666666666667
88,B3,497,450,845,6,1798,0.5248152059134108,0.4751847940865892,0.4699666295884316,0.0033370411568409346
88,B4,411,311,676,7,1405,0.5692520775623269,0.4307479224376731,0.4811387900355872,0.00498220640569395
88,BD,438,872,1176,16,2502,0.33435114503816793,0.665648854961832,0.47002398081534774,0.006394884092725819
88,CC.1,329,831,967,17,2144,0.2836206896551724,0.7163793103448276,0.4510261194029851,0.00792910447761194
88,CM,188,211,404,7,810,0.47117794486215536,0.5288220551378446,0.49876543209876545,0.008641975308641974
88,DR,527,679,1184,5,2395,0.4369817578772803,0.5630182421227198,0.4943632567849687,0.0020876826722338203
88,EF,194,314,477,1,986,0.38188976377952755,0.6181102362204725,0.48377281947261663,0.0010141987829614604
88,LR,254,603,674,10,1541,0.29638273045507585,0.7036172695449242,0.4373783257624919,0.006489292667099286
88,PF,207,366,526,8,1107,0.3612565445026178,0.6387434554973822,0.4751580849141825,0.007226738934056007
88,RE.1,217,863,909,13,2002,0.20092592592592592,0.799074074074074,0.45404595404595405,0.006493506493506494
88,TC1,71,396,318,3,788,0.15203426124197003,0.8479657387580299,0.4035532994923858,0.0038071065989847717
88,TC7,246,779,627,10,1662,0.24,0.76,0.37725631768953066,0.006016847172081829
88,WC,320,460,732,7,1519,0.41025641025641024,0.5897435897435898,0.4818959842001317,0.004608294930875576
89,1,112,15,29,2,158,0.8818897637795275,0.11811023622047244,0.18354430379746836,0.012658227848101266
89,14,8,7,29,2,46,0.5333333333333333,0.4666666666666667,0.6304347826086957,0.043478260869565216
89,15,164,87,171,1,423,0.6533864541832669,0.3466135458167331,0.40425531914893614,0.002364066193853428
89,16,7,6,8,0,21,0.5384615384615384,0.46153846153846156,0.38095238095238093,0.0
89,2,399,282,453,4,1138,0.5859030837004405,0.41409691629955947,0.39806678383128297,0.0035149384885764497
89,3,51,31,56,0,138,0.6219512195121951,0.3780487804878049,0.4057971014492754,0.0
9,P10,158,175,240,1,574,0.4744744744744745,0.5255255255255256,0.4181184668989547,0.0017421602787456446
9,P15,584,772,1073,1,2430,0.4306784660766962,0.5693215339233039,0.44156378600823043,0.00041152263374485596
9,P201,285,433,561,6,1285,0.3969359331476323,0.6030640668523677,0.4365758754863813,0.004669260700389105
9,P202,532,641,890,9,2072,0.453537936913896,0.546462063086104,0.4295366795366795,0.004343629343629344
9,P25,379,186,320,3,888,0.6707964601769911,0.3292035398230089,0.36036036036036034,0.0033783783783783786
9,P30,707,140,245,1,1093,0.8347107438016529,0.1652892561983471,0.22415370539798718,0.0009149130832570906
9,P35,249,115,202,4,570,0.6840659340659341,0.3159340659340659,0.3543859649122807,0.007017543859649123
9,P40,332,580,581,7,1500,0.36403508771929827,0.6359649122807017,0.3873333333333333,0.004666666666666667
9,P45,136,175,147,2,460,0.43729903536977494,0.5627009646302251,0.31956521739130433,0.004347826086956522
9,P501,1075,467,928,8,2478,0.6971465629053177,0.3028534370946822,0.3744955609362389,0.003228410008071025
9,P502,735,314,598,4,1651,0.7006673021925643,0.29933269780743565,0.36220472440944884,0.0024227740763173833
9,P55,196,179,158,2,535,0.5226666666666666,0.47733333333333333,0.2953271028037383,0.003738317757009346
9,P60,513,345,512,3,1373,0.5979020979020979,0.4020979020979021,0.3729060451565914,0.0021849963583394027
9,P65,127,233,185,4,549,0.3527777777777778,0.6472222222222223,0.33697632058287796,0.007285974499089253
9,P70,176,129,130,2,437,0.5770491803278689,0.42295081967213116,0.2974828375286041,0.004576659038901602
9,P75,516,178,298,2,994,0.7435158501440923,0.2564841498559078,0.29979879275653926,0.002012072434607646
9,P80,297,316,442,5,1060,0.48450244698205547,0.5154975530179445,0.4169811320754717,0.0047169811320754715
90,0005,955,1364,1358,22,3699,0.4118154376886589,0.5881845623113411,0.36712625033792917,0.005947553392808867
90,001,392,164,356,8,920,0.7050359712230215,0.2949640287769784,0.3869565217391304,0.008695652173913044
90,0019,883,1893,1676,33,4485,0.3180835734870317,0.6819164265129684,0.3736900780379041,0.007357859531772575
90,002,528,313,472,8,1321,0.6278240190249703,0.37217598097502974,0.35730507191521577,0.006056018168054504
90,0020A,824,1291,1459,31,3605,0.3895981087470449,0.6104018912529551,0.4047156726768377,0.008599167822468794
90,0020B,727,1800,1776,32,4335,0.28769291650178075,0.7123070834982193,0.4096885813148789,0.007381776239907728
90,003,368,290,370,6,1034,0.5592705167173252,0.44072948328267475,0.3578336557059961,0.005802707930367505
90,0030,1065,1641,1676,26,4408,0.39356984478935697,0.606430155210643,0.38021778584392013,0.005898366606170599
90,004,574,145,327,5,1051,0.7983310152990264,0.20166898470097358,0.3111322549952426,0.004757373929590866
90,0044,744,1212,1486,19,3461,0.3803680981595092,0.6196319018404908,0.4293556775498411,0.005489742848887605
90,0045,500,1250,1199,15,2964,0.2857142857142857,0.7142857142857143,0.40452091767881243,0.005060728744939271
90,006,471,1113,796,14,2394,0.29734848484848486,0.7026515151515151,0.33249791144527985,0.005847953216374269
90,007,963,1603,1469,29,4064,0.3752922837100546,0.6247077162899455,0.3614665354330709,0.007135826771653544
90,008,767,509,580,6,1862,0.6010971786833855,0.3989028213166144,0.31149301825993553,0.00322234156820623
90,009,565,307,322,3,1197,0.6479357798165137,0.35206422018348627,0.26900584795321636,0.002506265664160401
90,010,417,212,367,5,1001,0.6629570747217806,0.3370429252782194,0.36663336663336665,0.004995004995004995
90,011,205,1773,754,8,2740,0.10364004044489383,0.8963599595551062,0.2751824817518248,0.00291970802919708
90,012,175,1583,650,12,2420,0.09954493742889647,0.9004550625711035,0.26859504132231404,0.0049586776859504135
90,013,196,1712,791,10,2709,0.10272536687631027,0.8972746331236897,0.29198966408268734,0.0036913990402362494
90,014,391,641,719,14,1765,0.37887596899224807,0.6211240310077519,0.40736543909348444,0.00793201133144476
90,015,1003,1584,1762,33,4382,0.38770776961731734,0.6122922303826827,0.4020994979461433,0.007530807850296669
90,016,1312,2308,2304,45,5969,0.3624309392265193,0.6375690607734806,0.3859943039035014,0.007538951248115262
90,017A,700,1581,1396,17,3694,0.30688294607628236,0.6931170539237177,0.3779101245262588,0.0046020573903627505
90,017B,850,1890,2136,30,4906,0.3102189781021898,0.6897810218978102,0.43538524256013045,0.006114961271911945
90,018,538,1405,1462,28,3433,0.27689140504374676,0.7231085949562532,0.42586658898922225,0.00815613166326828
90,021,326,1402,871,14,2613,0.1886574074074074,0.8113425925925926,0.3333333333333333,0.005357826253348641
90,022,251,1389,909,23,2572,0.15304878048780488,0.8469512195121951,0.3534214618973561,0.008942457231726283
90,023,393,894,709,13,2009,0.30536130536130535,0.6946386946386947,0.35291189646590343,0.006470881035340966
90,024,291,1225,732,11,2259,0.19195250659630606,0.808047493403694,0.3240371845949535,0.004869411243913236
90,025,399,973,661,12,2045,0.29081632653061223,0.7091836734693877,0.3232273838630807,0.0058679706601467
90,026,310,1006,587,13,1916,0.23556231003039513,0.7644376899696048,0.30636743215031315,0.006784968684759917
90,027,265,958,503,8,1734,0.21668029435813574,0.7833197056418643,0.290080738177624,0.00461361014994233
90,028A,1062,2055,2662,31,5810,0.34071222329162654,0.6592877767083735,0.4581755593803787,0.005335628227194493
90,028B,701,1463,2135,22,4321,0.32393715341959334,0.6760628465804066,0.49409858828974773,0.0050914140245313586
90,028C,621,1426,1865,24,3936,0.30337078651685395,0.6966292134831461,0.4738313008130081,0.006097560975609756
90,028D,958,1657,2216,30,4861,0.3663479923518164,0.6336520076481835,0.45587327710347664,0.0061715696358773916
90,029A,1302,1493,1941,26,4762,0.4658318425760286,0.5341681574239714,0.4076018479630407,0.005459890802183957
90,029B,349,645,673,11,1678,0.35110663983903423,0.6488933601609658,0.40107270560190705,0.006555423122765197
90,029C,634,1182,1151,25,2992,0.3491189427312775,0.6508810572687225,0.38469251336898397,0.008355614973262033
90,031,886,1344,1463,29,3722,0.39730941704035877,0.6026905829596413,0.39306824288017195,0.007791509940891994
90,032,595,1699,1172,20,3486,0.25937227550130776,0.7406277244986922,0.336201950659782,0.005737234652897304
90,033,394,1086,918,22,2420,0.2662162162162162,0.7337837837837838,0.3793388429752066,0.00909090909090909
90,034,563,1937,1224,11,3735,0.2252,0.7748,0.327710843373494,0.0029451137884872825
90,035,361,799,819,13,1992,0.3112068965517241,0.6887931034482758,0.411144578313253,0.006526104417670682
90,036,445,1016,590,7,2058,0.30458590006844627,0.6954140999315537,0.28668610301263364,0.003401360544217687
90,037A,1176,1855,2254,37,5322,0.38799076212471134,0.6120092378752887,0.4235249906050357,0.0069522735813603905
90,037B,222,662,487,5,1376,0.251131221719457,0.748868778280543,0.3539244186046512,0.003633720930232558
90,038A,874,1152,1279,29,3334,0.43139190523198423,0.5686080947680158,0.383623275344931,0.008698260347930415
90,038B,401,793,885,20,2099,0.3358458961474037,0.6641541038525963,0.42162934730824203,0.009528346831824679
90,039,518,1381,1060,14,2973,0.2727751448130595,0.7272248551869405,0.3565422132526068,0.004709048099562731
90,040,713,1547,1706,20,3986,0.3154867256637168,0.6845132743362832,0.42799799297541397,0.005017561465127948
90,041,688,1875,2072,16,4651,0.2684354272337105,0.7315645727662895,0.4454955923457321,0.0034401204042141475
90,042,408,797,698,16,1919,0.3385892116182573,0.6614107883817427,0.3637311099531006,0.008337675872850442
90,043,394,97,244,5,740,0.8024439918533605,0.1975560081466395,0.32972972972972975,0.006756756756756757
91,CC,1124,635,718,10,2487,0.6389994314951677,0.3610005685048323,0.28870124648170487,0.004020908725371934
91,CH,1831,133,615,7,2586,0.9322810590631364,0.06771894093686355,0.23781902552204176,0.0027068832173240526
91,KITT,1240,920,924,14,3098,0.5740740740740741,0.42592592592592593,0.29825693996126534,0.004519044544867657
91,MIDD,1110,561,644,10,2325,0.6642728904847397,0.3357271095152603,0.27698924731182795,0.004301075268817204
91,NH,1373,705,858,10,2946,0.6607314725697786,0.33926852743022134,0.29124236252545826,0.0033944331296673455
91,NV,522,197,239,2,960,0.7260083449235049,0.27399165507649514,0.24895833333333334,0.0020833333333333333
91,SCRK,1753,716,1023,12,3504,0.7100040502227623,0.28999594977723775,0.2919520547945205,0.003424657534246575
91,SH,1406,328,642,11,2387,0.8108419838523645,0.18915801614763553,0.2689568496020109,0.004608294930875576
91,WH,1653,564,818,7,3042,0.7456021650879567,0.2543978349120433,0.2689020381328074,0.0023011176857330702
92,01-01,777,209,916,9,1911,0.7880324543610547,0.21196754563894524,0.4793301936159079,0.004709576138147566
92,01-02,673,225,831,8,1737,0.7494432071269488,0.2505567928730512,0.4784110535405872,0.004605641911341394
92,01-03,619,575,916,13,2123,0.518425460636516,0.4815745393634841,0.43146490814884597,0.006123410268487989
92,01-04,413,332,487,6,1238,0.5543624161073826,0.44563758389261743,0.39337641357027464,0.004846526655896607
92,01-05,356,336,453,2,1147,0.5144508670520231,0.48554913294797686,0.3949433304272014,0.0017436791630340018
92,01-06,1168,320,1178,11,2677,0.7849462365591398,0.21505376344086022,0.4400448262980949,0.004109077325364214
92,01-07,1217,355,1235,23,2830,0.7741730279898219,0.22582697201017812,0.4363957597173145,0.00812720848056537
92,01-09,498,185,489,4,1176,0.7291361639824304,0.2708638360175695,0.41581632653061223,0.003401360544217687
92,01-10,568,330,648,10,1556,0.6325167037861915,0.3674832962138085,0.41645244215938304,0.006426735218508998
92,01-11,651,955,1114,18,2738,0.4053549190535492,0.5946450809464509,0.40686632578524473,0.006574141709276844
92,01-12,639,373,838,12,1862,0.6314229249011858,0.3685770750988142,0.45005370569280345,0.00644468313641246
92,01-13,743,118,769,11,1641,0.8629500580720093,0.13704994192799072,0.46861669713589277,0.006703229737964655
92,01-14,1751,350,1634,13,3748,0.8334126606377915,0.16658733936220846,0.435965848452508,0.0034685165421558164
92,01-15,1015,706,1189,11,2921,0.589773387565369,0.41022661243463104,0.40705237932214994,0.003765833618623759
92,01-16,1185,490,1227,19,2921,0.7074626865671642,0.29253731343283584,0.42006162273194114,0.006504621704895584
92,01-17,320,345,464,8,1137,0.48120300751879697,0.518796992481203,0.4080914687774846,0.007036059806508356
92,01-18,953,504,1118,18,2593,0.6540837336993823,0.3459162663006177,0.43116081758580793,0.006941766293868106
92,01-19,1063,57,661,4,1785,0.9491071428571428,0.05089285714285714,0.37030812324929974,0.002240896358543417
92,01-20,1338,136,1102,17,2593,0.9077340569877883,0.09226594301221167,0.42499035865792517,0.006556112610875434
92,01-21,1763,509,2002,24,4298,0.7759683098591549,0.22403169014084506,0.46579804560260585,0.005583992554676594
92,01-22,2327,132,1282,19,3760,0.9463196421309475,0.05368035786905246,0.34095744680851064,0.0050531914893617025
92,01-23,1513,455,2898,23,4889,0.7688008130081301,0.23119918699186992,0.5927592554714666,0.0047044385354878294
92,01-25,407,62,552,13,1034,0.8678038379530917,0.13219616204690832,0.5338491295938105,0.012572533849129593
92,01-26,1089,83,1090,18,2280,0.9291808873720137,0.07081911262798635,0.4780701754385965,0.007894736842105263
92,01-27,1129,165,1191,25,2510,0.8724884080370943,0.1275115919629057,0.4745019920318725,0.0099601593625498
92,01-28,2085,308,1746,21,4160,0.8712912661930631,0.1287087338069369,0.41971153846153847,0.005048076923076923
92,01-29,705,680,913,8,2306,0.5090252707581228,0.49097472924187724,0.39592367736339984,0.003469210754553339
92,01-30,380,332,595,11,1318,0.5337078651685393,0.46629213483146065,0.45144157814871017,0.00834597875569044
92,01-31,1131,283,1616,20,3050,0.7998585572842999,0.20014144271570014,0.5298360655737705,0.006557377049180328
92,01-32,974,311,1184,24,2493,0.757976653696498,0.24202334630350195,0.47492980344965907,0.009626955475330927
92,01-33,676,419,749,12,1856,0.617351598173516,0.382648401826484,0.4035560344827586,0.00646551724137931
92,01-34,896,56,613,8,1573,0.9411764705882353,0.058823529411764705,0.3897012078830261,0.0050858232676414495
92,01-35,1361,90,916,10,2377,0.937973811164714,0.06202618883528601,0.3853596970971813,0.004206983592763988
92,01-36,690,778,1010,18,2496,0.47002724795640327,0.5299727520435967,0.4046474358974359,0.007211538461538462
92,01-37,539,432,820,9,1800,0.5550978372811535,0.44490216271884653,0.45555555555555555,0.005
92,01-38,962,289,917,18,2186,0.7689848121502798,0.23101518784972022,0.419487648673376,0.008234217749313814
92,01-39,911,414,1060,19,2404,0.6875471698113208,0.31245283018867925,0.44093178036605657,0.007903494176372712
92,01-40,2459,213,1538,27,4237,0.9202844311377245,0.07971556886227545,0.36299268350247815,0.006372433325466132
92,01-41,772,205,976,20,1973,0.7901740020470829,0.2098259979529171,0.49467815509376584,0.01013684744044602
92,01-42,754,833,1172,13,2772,0.4751102709514808,0.5248897290485193,0.4227994227994228,0.00468975468975469
92,01-43,889,386,1030,22,2327,0.6972549019607843,0.3027450980392157,0.4426299957026214,0.009454232917920068
92,01-44,1396,554,1335,17,3302,0.7158974358974359,0.2841025641025641,0.40430042398546334,0.00514839491217444
92,01-45,528,335,750,14,1627,0.6118192352259559,0.388180764774044,0.46097111247695144,0.008604794099569761
92,01-46,1202,189,1062,22,2475,0.8641265276779295,0.13587347232207045,0.4290909090909091,0.008888888888888889
92,01-47,603,605,825,8,2041,0.4991721854304636,0.5008278145695364,0.4042136207741303,0.0039196472317491425
92,01-48,835,231,1015,16,2097,0.7833020637898687,0.21669793621013134,0.48402479732951836,0.007629947544110634
92,01-49,1177,352,1436,26,2991,0.7697841726618705,0.2302158273381295,0.48010698762955534,0.008692744901370779
92,01-50,1759,139,996,19,2913,0.9267650158061117,0.0732349841938883,0.3419155509783728,0.006522485410230003
92,01-51,350,237,450,3,1040,0.596252129471891,0.403747870528109,0.4326923076923077,0.0028846153846153848
92,02-01,806,892,1449,24,3171,0.4746760895170789,0.525323910482921,0.45695364238410596,0.007568590350047304
92,02-02,1459,2055,2980,39,6533,0.4151963574274331,0.5848036425725669,0.45614572172049594,0.00596969233124139
92,02-03,633,993,1315,18,2959,0.3892988929889299,0.6107011070110702,0.4444068942210206,0.006083136194660358
92,02-04,534,878,1114,5,2531,0.3781869688385269,0.6218130311614731,0.4401422362702489,0.0019755037534571317
92,02-05,254,322,501,5,1082,0.4409722222222222,0.5590277777777778,0.4630314232902033,0.0046210720887245845
92,02-06,594,975,1169,13,2751,0.37858508604206503,0.621414913957935,0.42493638676844786,0.004725554343874954
92,03-01,1314,1167,2926,36,5443,0.5296251511487303,0.4703748488512696,0.537571192357156,0.006613999632555576
92,03-02,869,834,1837,24,3564,0.5102759835584263,0.4897240164415737,0.5154320987654321,0.006734006734006734
92,04-01,794,372,929,7,2102,0.6809605488850772,0.3190394511149228,0.4419600380589914,0.003330161750713606
92,04-02,936,515,1320,16,2787,0.6450723638869745,0.3549276361130255,0.4736275565123789,0.0057409400789379264
92,04-03,641,354,914,19,1928,0.6442211055276382,0.35577889447236183,0.47406639004149376,0.009854771784232365
92,04-04,690,341,792,8,1831,0.6692531522793405,0.33074684772065954,0.4325505188421628,0.004369197160021846
92,04-05,1108,694,1782,31,3615,0.6148723640399556,0.3851276359600444,0.49294605809128633,0.008575380359612726
92,04-06,952,677,1402,18,3049,0.5844076120319214,0.41559238796807857,0.4598228927517219,0.005903574942604133
92,04-07,605,964,1240,13,2822,0.38559592096876993,0.6144040790312301,0.4394046775336641,0.004606661941885188
92,04-08,879,367,1249,25,2520,0.7054574638844302,0.2945425361155698,0.49563492063492065,0.00992063492063492
92,04-09,752,640,1481,16,2889,0.5402298850574713,0.45977011494252873,0.5126341294565594,0.005538248528902735
92,04-10,859,487,1340,13,2699,0.638187221396731,0.36181277860326894,0.4964801778436458,0.004816598740274175
92,04-11,528,233,784,11,1556,0.6938239159001314,0.3061760840998686,0.5038560411311054,0.007069408740359897
92,04-12,834,575,1344,14,2767,0.5919091554293825,0.40809084457061745,0.4857246114925913,0.005059631369714492
92,04-13,1303,909,2586,25,4823,0.5890596745027125,0.41094032549728754,0.5361808003317438,0.005183495749533485
92,04-14,558,325,726,9,1618,0.6319365798414496,0.36806342015855037,0.44870210135970334,0.005562422744128554
92,04-15,730,447,1215,14,2406,0.6202209005947323,0.3797790994052676,0.5049875311720698,0.005818786367414797
92,04-16,703,349,954,16,2022,0.6682509505703422,0.33174904942965777,0.47181008902077154,0.00791295746785361
92,04-17,590,273,890,15,1768,0.6836616454229433,0.3163383545770568,0.503393665158371,0.008484162895927601
92,04-18,843,424,1383,16,2666,0.665351223362273,0.3346487766377269,0.518754688672168,0.006001500375093774
92,04-19,486,317,938,12,1753,0.6052303860523038,0.39476961394769616,0.5350827153451226,0.0068454078722190535
92,04-20,1056,489,1374,18,2937,0.683495145631068,0.31650485436893205,0.46782431052093976,0.006128702757916241
92,04-21,642,212,820,19,1693,0.7517564402810304,0.24824355971896955,0.48434731246308327,0.011222681630242174
92,05-01,1135,845,1847,20,3847,0.5732323232323232,0.42676767676767674,0.4801143748375357,0.005198856251624643
92,05-03,1178,946,2145,17,4286,0.5546139359698682,0.4453860640301318,0.5004666355576295,0.003966402239850677
92,05-05,2526,1154,3351,38,7069,0.6864130434782608,0.3135869565217391,0.4740415900410242,0.00537558353373886
92,05-06,1419,1010,2966,14,5409,0.5841910251132153,0.4158089748867847,0.5483453503420226,0.00258827879460159
92,05-08,1721,531,2689,29,4970,0.7642095914742452,0.2357904085257549,0.541046277665996,0.0058350100603621734
92,05-09,1351,525,2509,30,4415,0.7201492537313433,0.2798507462686567,0.5682899207248018,0.006795016987542469
92,05-10,1125,397,2028,22,3572,0.7391590013140604,0.2608409986859396,0.5677491601343785,0.006159014557670772
92,06-04,1246,958,2070,36,4310,0.5653357531760436,0.43466424682395643,0.4802784222737819,0.008352668213457077
92,06-05,660,1078,1495,12,3245,0.379746835443038,0.620253164556962,0.46070878274268107,0.0036979969183359015
92,06-06,1742,1694,3278,48,6762,0.5069848661233993,0.4930151338766007,0.4847678201715469,0.00709849157054126
92,06-07,952,870,1794,24,3640,0.5225027442371021,0.4774972557628979,0.4928571428571429,0.006593406593406593
92,06-08,751,520,1082,11,2364,0.5908733280881195,0.4091266719118804,0.4576988155668359,0.004653130287648054
92,06-10,1444,1737,3033,45,6259,0.4539453002200566,0.5460546997799434,0.4845822016296533,0.0071896469084518294
92,06-11,378,353,674,14,1419,0.5170998632010944,0.4829001367989056,0.4749823819591261,0.009866102889358703
92,06-12,1691,2271,3857,54,7873,0.42680464411913177,0.5731953558808682,0.48990219738346247,0.006858884796138702
92,07-01,678,274,840,21,1813,0.7121848739495799,0.28781512605042014,0.46332046332046334,0.011583011583011582
92,07-02,531,362,667,11,1571,0.5946248600223965,0.4053751399776036,0.4245703373647358,0.007001909611712286
92,07-03,510,370,690,5,1575,0.5795454545454546,0.42045454545454547,0.4380952380952381,0.0031746031746031746
92,07-04,1340,613,1786,28,3767,0.6861239119303636,0.31387608806963646,0.47411733474913725,0.007432970533581099
92,07-05,629,371,723,10,1733,0.629,0.371,0.4171956145412579,0.005770340450086555
92,07-06,1045,927,1579,16,3567,0.5299188640973631,0.4700811359026369,0.44266890944771514,0.00448556209700028
92,07-07,1349,914,1718,25,4006,0.5961113566062749,0.40388864339372516,0.4288567149276086,0.006240639041437843
92,07-09,1097,633,1427,20,3177,0.6341040462427746,0.36589595375722545,0.4491658797607806,0.006295247088448221
92,07-10,1647,822,2306,44,4819,0.6670716889428918,0.33292831105710813,0.47852251504461507,0.009130525005187799
92,07-11,382,260,480,5,1127,0.5950155763239875,0.40498442367601245,0.4259094942324756,0.0044365572315882874
92,07-12,955,505,1101,17,2578,0.6541095890410958,0.3458904109589041,0.4270752521334368,0.0065942591155934835
92,07-13,790,474,948,5,2217,0.625,0.375,0.42760487144790255,0.0022552999548940008
92,08-02,1187,872,1940,23,4022,0.5764934434191356,0.4235065565808645,0.48234709099950274,0.005718547986076579
92,08-03,2068,1152,2963,54,6237,0.6422360248447205,0.3577639751552795,0.4750681417348084,0.008658008658008658
92,08-04,459,542,794,9,1804,0.45854145854145856,0.5414585414585414,0.4401330376940133,0.004988913525498891
92,08-05,605,534,939,9,2087,0.5311676909569798,0.4688323090430202,0.44992812649736463,0.004312410158121706
92,08-06,801,260,888,17,1966,0.7549481621112158,0.24505183788878418,0.4516785350966429,0.008646998982706003
92,08-07,606,808,1196,8,2618,0.42857142857142855,0.5714285714285714,0.45683728036669213,0.0030557677616501145
92,08-08,1167,1029,2142,21,4359,0.5314207650273224,0.4685792349726776,0.4913971094287681,0.004817618719889883
92,08-09,667,348,906,13,1934,0.6571428571428571,0.34285714285714286,0.46845915201654603,0.00672182006204757
92,08-10,881,558,1301,15,2755,0.6122307157748437,0.3877692842251564,0.4722323049001815,0.0054446460980036296
92,08-11,1298,767,2005,26,4096,0.6285714285714286,0.37142857142857144,0.489501953125,0.00634765625
92,09-01,732,826,882,8,2448,0.46983311938382544,0.5301668806161746,0.3602941176470588,0.0032679738562091504
92,09-02,1814,786,1477,19,4096,0.6976923076923077,0.30230769230769233,0.360595703125,0.004638671875
92,09-03,2198,1433,2311,44,5986,0.6053428807491049,0.3946571192508951,0.3860674908118944,0.007350484463748747
92,10-01,388,555,587,9,1539,0.41145281018027574,0.5885471898197243,0.38141650422352175,0.005847953216374269
92,10-02,1710,1140,1797,33,4680,0.6,0.4,0.383974358974359,0.007051282051282051
92,10-03,1329,838,1435,23,3625,0.613290263036456,0.38670973696354405,0.39586206896551723,0.006344827586206896
92,10-05,1459,1183,1611,40,4293,0.5522331566994702,0.4477668433005299,0.3752620545073375,0.009317493594223155
92,10-06,2634,1382,2994,52,7062,0.6558764940239044,0.34412350597609564,0.4239592183517417,0.0073633531577456815
92,11-01,1900,1023,2467,49,5439,0.6500171057133083,0.34998289428669177,0.45357602500459643,0.009009009009009009
92,11-02,1597,1008,2042,21,4668,0.6130518234165068,0.3869481765834933,0.4374464438731791,0.004498714652956298
92,12-02,1834,1676,2736,60,6306,0.5225071225071225,0.4774928774928775,0.43387250237868696,0.009514747859181731
92,12-04,1203,2242,2818,46,6309,0.34920174165457185,0.6507982583454281,0.4466634965921699,0.00729117134252655
92,12-06,1796,2219,3276,44,7335,0.4473225404732254,0.5526774595267746,0.4466257668711656,0.005998636673483299
92,12-07,821,1096,1513,36,3466,0.4282733437663015,0.5717266562336984,0.4365262550490479,0.0103866128101558
92,12-08,1600,1468,2395,62,5525,0.5215123859191656,0.4784876140808344,0.4334841628959276,0.011221719457013574
92,12-09,1327,1992,2744,43,6106,0.3998192226574269,0.600180777342573,0.4493940386505077,0.007042253521126761
92,12-10,1159,1528,2498,43,5228,0.4313360625232601,0.5686639374767398,0.4778117827084927,0.008224942616679418
92,12-11,862,1136,1752,20,3770,0.4314314314314314,0.5685685685685685,0.4647214854111406,0.005305039787798408
92,12-12,725,1371,1656,23,3775,0.3458969465648855,0.6541030534351145,0.43867549668874173,0.0060927152317880795
92,12-13,838,1019,1487,34,3378,0.45126548196015076,0.5487345180398492,0.44020130254588513,0.010065127294256957
92,13-02,576,493,888,13,1970,0.538821328344247,0.46117867165575305,0.45076142131979696,0.006598984771573604
92,13-05,977,272,873,23,2145,0.7822257806244995,0.2177742193755004,0.406993006993007,0.010722610722610723
92,13-06,919,658,1350,20,2947,0.5827520608750792,0.41724793912492075,0.45809297590770276,0.0067865626060400405
92,13-07,1031,333,945,13,2322,0.7558651026392962,0.24413489736070382,0.4069767441860465,0.005598621877691645
92,13-08,1631,374,1412,26,3443,0.8134663341645886,0.18653366583541148,0.41010746442056345,0.007551553877432472
92,13-09,2101,520,1953,32,4606,0.8016024418161007,0.1983975581838993,0.42401215805471126,0.006947459834997829
92,13-10,1845,1431,2701,30,6007,0.5631868131868132,0.4368131868131868,0.4496420842350591,0.00499417346429166
92,13-11,941,923,1381,19,3264,0.5048283261802575,0.4951716738197425,0.4231004901960784,0.005821078431372549
92,13-12,1390,271,1146,8,2815,0.8368452739313667,0.16315472606863335,0.40710479573712255,0.002841918294849023
92,13-13,1363,418,1446,28,3255,0.7653003930376193,0.23469960696238068,0.44423963133640554,0.008602150537634409
92,14-01,182,335,354,5,876,0.3520309477756286,0.6479690522243714,0.4041095890410959,0.005707762557077625
92,14-02,1604,3041,3690,60,8395,0.34531754574811624,0.6546824542518838,0.4395473496128648,0.00714711137581894
92,15-01,1146,1342,1700,39,4227,0.46061093247588425,0.5393890675241158,0.40217648450437665,0.009226401703335699
92,15-02,1893,1798,2794,54,6539,0.5128691411541587,0.48713085884584123,0.4272824590916042,0.008258143447010246
92,15-03,1210,1933,2290,34,5467,0.3849825007954184,0.6150174992045816,0.4188768977501372,0.00621913297969636
92,15-04,637,738,896,13,2284,0.4632727272727273,0.5367272727272727,0.3922942206654991,0.005691768826619965
92,16-01,1300,911,1570,27,3808,0.5879692446856626,0.4120307553143374,0.41228991596638653,0.0070903361344537815
92,16-02,2629,543,1975,38,5185,0.8288146279949559,0.17118537200504413,0.3809064609450338,0.007328833172613307
92,16-03,612,241,608,13,1474,0.7174677608440797,0.2825322391559203,0.412483039348711,0.008819538670284939
92,16-04,1068,712,1090,12,2882,0.6,0.4,0.37820957668285915,0.004163775156141568
92,16-05,897,577,1120,23,2617,0.6085481682496607,0.3914518317503392,0.4279709591134887,0.008788689338937715
92,16-06,551,227,456,13,1247,0.7082262210796915,0.2917737789203085,0.3656776263031275,0.010425020048115477
92,16-07,1235,766,1362,23,3386,0.617191404297851,0.3828085957021489,0.40224453632604845,0.006792675723567632
92,16-09,2118,1059,2318,31,5526,0.6666666666666666,0.3333333333333333,0.41947158885269636,0.005609844372059356
92,16-10,2775,399,1745,21,4940,0.8742911153119093,0.12570888468809074,0.3532388663967611,0.004251012145748988
92,16-11,2620,612,2000,35,5267,0.8106435643564357,0.18935643564356436,0.37972280235428135,0.006645149041199924
92,17-01,1238,375,1077,22,2712,0.7675139491630503,0.2324860508369498,0.3971238938053097,0.008112094395280236
92,17-02,844,484,962,11,2301,0.6355421686746988,0.3644578313253012,0.4180790960451977,0.0047805302042590175
92,17-03,2775,927,2501,46,6249,0.7495948136142626,0.25040518638573744,0.4002240358457353,0.007361177788446151
92,17-05,1712,563,1581,18,3874,0.7525274725274725,0.24747252747252746,0.40810531750129064,0.004646360351058337
92,17-06,886,613,885,13,2397,0.5910607071380921,0.40893929286190794,0.3692115143929912,0.005423445974134335
92,17-07,1955,283,1389,23,3650,0.8735478105451295,0.1264521894548704,0.38054794520547947,0.006301369863013699
92,17-09,2187,212,1399,23,3821,0.9116298457690705,0.08837015423092956,0.36613451975922534,0.006019366657942947
92,17-10,542,224,475,6,1247,0.7075718015665796,0.2924281984334204,0.3809141940657578,0.0048115477145148355
92,17-11,2042,590,1939,34,4605,0.7758358662613982,0.22416413373860183,0.42106406080347447,0.00738327904451683
92,17-12,1719,523,1529,17,3788,0.7667261373773416,0.23327386262265834,0.40364308342133054,0.004487856388595565
92,17-13,2292,922,2063,38,5315,0.7131300560049783,0.2868699439950218,0.3881467544684854,0.007149576669802446
92,17-15,1141,501,1068,8,2718,0.694884287454324,0.305115712545676,0.39293598233995586,0.0029433406916850625
92,17-16,1146,307,907,11,2371,0.7887130075705437,0.2112869924294563,0.38253901307465205,0.004639392661324336
92,17-17,1159,505,1170,16,2850,0.6965144230769231,0.3034855769230769,0.4105263157894737,0.005614035087719298
92,18-01,1636,434,2236,27,4333,0.7903381642512077,0.20966183574879227,0.5160396953611817,0.006231248557581353
92,18-02,1150,1498,2413,34,5095,0.4342900302114804,0.5657099697885196,0.47360157016683024,0.006673209028459273
92,18-03,664,510,1100,10,2284,0.565587734241908,0.434412265758092,0.4816112084063047,0.0043782837127845885
92,18-04,1270,1307,2257,27,4861,0.4928211098176174,0.5071788901823826,0.4643077556058424,0.005554412672289653
92,18-05,1365,1324,2581,16,5286,0.5076236519152101,0.49237634808478986,0.48827090427544456,0.003026863412788498
92,18-06,1419,574,1910,28,3931,0.7119919719016558,0.2880080280983442,0.48588145510048336,0.0071228694988552535
92,18-07,943,1298,1811,30,4082,0.42079428826416776,0.5792057117358322,0.4436550710436061,0.007349338559529643
92,18-08,1244,847,2092,24,4207,0.5949306551889049,0.4050693448110952,0.49726646066080343,0.0057047777513667694
92,19-03,1052,946,1552,34,3584,0.5265265265265265,0.47347347347347346,0.4330357142857143,0.009486607142857142
92,19-05,787,1281,1565,31,3664,0.3805609284332689,0.6194390715667312,0.4271288209606987,0.008460698689956333
92,19-07,1711,1565,2533,38,5847,0.5222832722832723,0.47771672771672774,0.4332136138190525,0.006499059346673508
92,19-09,1587,1853,2358,40,5838,0.4613372093023256,0.5386627906976744,0.4039054470709147,0.006851661527920521
92,19-11,1073,927,1640,23,3663,0.5365,0.4635,0.4477204477204477,0.006279006279006279
92,19-13,761,493,948,15,2217,0.6068580542264753,0.39314194577352474,0.42760487144790255,0.006765899864682003
92,19-14,959,816,1344,22,3141,0.540281690140845,0.4597183098591549,0.4278892072588348,0.0070041388092964025
92,19-15,856,885,1273,10,3024,0.49167145318782307,0.5083285468121769,0.4209656084656085,0.0033068783068783067
92,19-16,1054,738,1172,12,2976,0.5881696428571429,0.41183035714285715,0.39381720430107525,0.004032258064516129
92,19-17,2236,860,2293,34,5423,0.7222222222222222,0.2777777777777778,0.4228286926055689,0.006269592476489028
92,19-18,1365,1216,2172,31,4784,0.5288647810925998,0.47113521890740023,0.4540133779264214,0.006479933110367893
92,19-20,1153,1125,1643,15,3936,0.5061457418788411,0.4938542581211589,0.4174288617886179,0.0038109756097560975
92,19-21,1910,1241,2374,37,5562,0.6061567756267852,0.39384322437321484,0.42682488313556277,0.0066522833513124775
92,19-22,937,934,1605,24,3500,0.5008017103153394,0.4991982896846606,0.4585714285714286,0.006857142857142857
92,19-23,1593,1423,2311,43,5370,0.528183023872679,0.47181697612732093,0.4303538175046555,0.008007448789571695
92,19-24,1076,1524,2091,23,4714,0.41384615384615386,0.5861538461538461,0.4435723377174374,0.00487908358082308
92,19-25,847,819,1396,15,3077,0.5084033613445378,0.49159663865546216,0.45368865778355544,0.004874878128046799
92,20-01,1232,794,1856,39,3921,0.6080947680157947,0.39190523198420535,0.47334863555215506,0.009946442234123947
92,20-03,1222,1082,2245,31,4580,0.5303819444444444,0.4696180555555556,0.490174672489083,0.006768558951965066
92,20-04,926,596,2042,12,3576,0.6084099868593955,0.3915900131406045,0.5710290827740492,0.003355704697986577
92,20-05,1070,1088,2092,29,4279,0.49582947173308617,0.5041705282669138,0.4888992755316663,0.006777284412245852
92,20-06A,1726,1118,2757,29,5630,0.6068917018284107,0.3931082981715893,0.4896980461811723,0.005150976909413854
92,20-06B,900,793,1921,26,3640,0.5316007088009451,0.46839929119905493,0.5277472527472528,0.007142857142857143
92,20-08,1308,1110,2597,33,5048,0.5409429280397022,0.45905707196029777,0.5144611727416799,0.006537242472266244
92,20-09,734,617,1434,13,2798,0.543301258327165,0.4566987416728349,0.5125089349535382,0.004646175839885632
92,20-10,839,539,1852,7,3237,0.6088534107402032,0.3911465892597968,0.5721346926166203,0.002162496138399753
92,20-11,1728,1430,3450,40,6648,0.5471817606079797,0.45281823939202026,0.5189530685920578,0.006016847172081829
92,20-12,1723,1210,3862,25,6820,0.5874531196726901,0.4125468803273099,0.5662756598240469,0.0036656891495601175
92,20-15,1661,695,2977,42,5375,0.7050084889643463,0.29499151103565363,0.5538604651162791,0.007813953488372093
92,20-17,1526,868,3106,17,5517,0.6374269005847953,0.36257309941520466,0.5629871306869676,0.0030813848105854633
92,20-18,1236,481,1817,27,3561,0.7198602213162493,0.28013977868375073,0.5102499297950014,0.007582139848357203
92,20-19,1372,708,3017,26,5123,0.6596153846153846,0.3403846153846154,0.5889127464376342,0.005075151278547726
92,20-20,1016,651,2385,18,4070,0.6094781043791242,0.3905218956208758,0.585995085995086,0.004422604422604423
93,001,331,381,338,3,1053,0.4648876404494382,0.5351123595505618,0.32098765432098764,0.002849002849002849
93,002,248,268,291,3,810,0.4806201550387597,0.5193798449612403,0.3592592592592593,0.003703703703703704
93,003,465,149,187,1,802,0.757328990228013,0.24267100977198697,0.23316708229426433,0.0012468827930174563
93,004,393,134,158,0,685,0.74573055028463,0.25426944971537,0.23065693430656933,0.0
93,005,670,127,214,1,1012,0.8406524466750314,0.15934755332496864,0.21146245059288538,0.0009881422924901185
93,006,577,166,260,5,1008,0.7765814266487214,0.2234185733512786,0.25793650793650796,0.00496031746031746
93,007,405,109,172,3,689,0.7879377431906615,0.21206225680933852,0.24963715529753266,0.0043541364296081275
93,008,713,72,170,1,956,0.9082802547770701,0.09171974522292993,0.17782426778242677,0.0010460251046025104
93,009,252,81,111,3,447,0.7567567567567568,0.24324324324324326,0.2483221476510067,0.006711409395973154
93,010,966,128,293,6,1393,0.8829981718464351,0.1170018281535649,0.21033740129217515,0.004307250538406317
93,011,166,52,63,0,281,0.7614678899082569,0.23853211009174313,0.22419928825622776,0.0
93,012,178,424,363,4,969,0.2956810631229236,0.7043189368770764,0.3746130030959752,0.0041279669762641896
93,013,293,75,145,1,514,0.7961956521739131,0.20380434782608695,0.2821011673151751,0.0019455252918287938
93,014,653,101,226,5,985,0.8660477453580901,0.13395225464190982,0.22944162436548224,0.005076142131979695
94,LM,846,259,352,4,1461,0.7656108597285067,0.2343891402714932,0.24093086926762491,0.0027378507871321013
94,P1,610,153,306,3,1072,0.799475753604194,0.20052424639580602,0.28544776119402987,0.002798507462686567
94,P2,522,75,222,1,820,0.8743718592964824,0.12562814070351758,0.2707317073170732,0.0012195121951219512
94,P3,931,459,568,4,1962,0.6697841726618705,0.3302158273381295,0.28950050968399593,0.0020387359836901123
94,SC,372,253,308,4,937,0.5952,0.4048,0.3287086446104589,0.004268943436499467
94,SK,311,194,235,4,744,0.6158415841584158,0.38415841584158417,0.31586021505376344,0.005376344086021506
95,01,127,195,182,4,508,0.3944099378881988,0.6055900621118012,0.35826771653543305,0.007874015748031496
95,02,159,450,380,3,992,0.26108374384236455,0.7389162561576355,0.38306451612903225,0.0030241935483870967
95,03,593,879,1007,8,2487,0.40285326086956524,0.5971467391304348,0.4049055086449538,0.003216726980297547
95,04,744,1202,1453,13,3412,0.3823227132579651,0.6176772867420349,0.42584994138335286,0.0038100820633059787
95,05,526,158,694,15,1393,0.7690058479532164,0.2309941520467836,0.49820531227566406,0.010768126346015794
95,06,713,263,1541,35,2552,0.7305327868852459,0.2694672131147541,0.6038401253918495,0.01371473354231975
95,07,816,711,1585,24,3136,0.5343811394891945,0.4656188605108055,0.5054209183673469,0.007653061224489796
95,08,387,887,799,12,2085,0.30376766091051804,0.6962323390894819,0.38321342925659474,0.0057553956834532375
95,09,96,239,283,1,619,0.2865671641791045,0.7134328358208956,0.45718901453957994,0.0016155088852988692
95,10,195,369,391,4,959,0.34574468085106386,0.6542553191489362,0.40771637122002086,0.004171011470281543
95,11,412,838,925,10,2185,0.3296,0.6704,0.4233409610983982,0.004576659038901602
95,12,781,342,1648,44,2815,0.6954585930543188,0.3045414069456812,0.5854351687388988,0.015630550621669625
95,13,643,458,1172,18,2291,0.584014532243415,0.4159854677565849,0.5115670013094719,0.00785683107813182
95,14,806,758,1497,34,3095,0.5153452685421995,0.4846547314578005,0.4836833602584814,0.01098546042003231
95,15,998,892,1722,28,3640,0.5280423280423281,0.47195767195767196,0.47307692307692306,0.007692307692307693
95,16,18,80,69,1,168,0.1836734693877551,0.8163265306122449,0.4107142857142857,0.005952380952380952
95,17,112,231,235,5,583,0.32653061224489793,0.673469387755102,0.40308747855917665,0.008576329331046312
95,18,259,775,671,10,1715,0.2504835589941973,0.7495164410058027,0.3912536443148688,0.0058309037900874635
95,19,543,1017,1263,14,2837,0.34807692307692306,0.6519230769230769,0.4451885794853719,0.004934790271413465
95,20,76,208,200,1,485,0.2676056338028169,0.7323943661971831,0.41237113402061853,0.002061855670103093
96,01,487,967,587,13,2054,0.3349381017881706,0.6650618982118295,0.2857838364167478,0.006329113924050633
96,02,759,1639,1007,16,3421,0.3165137614678899,0.6834862385321101,0.2943583747442268,0.00467699503069278
96,03,637,1591,970,27,3225,0.28590664272890487,0.7140933572710951,0.30077519379844964,0.008372093023255815
96,04,853,2063,1315,24,4255,0.29252400548696844,0.7074759945130316,0.309048178613396,0.00564042303172738
96,05,717,1653,1024,14,3408,0.30253164556962026,0.6974683544303798,0.3004694835680751,0.004107981220657277
96,06,782,868,630,9,2289,0.47393939393939394,0.526060606060606,0.27522935779816515,0.003931847968545216
96,07,1111,1623,1231,30,3995,0.4063643013899049,0.5936356986100951,0.3081351689612015,0.007509386733416771
96,08,462,1216,781,10,2469,0.27532777115613827,0.7246722288438617,0.31632239773187526,0.004050222762251924
96,09,499,1128,668,11,2306,0.30669944683466505,0.693300553165335,0.2896790980052038,0.004770164787510842
96,10,740,242,383,9,1374,0.7535641547861507,0.24643584521384929,0.2787481804949054,0.006550218340611353
96,11,984,535,558,9,2086,0.6477946017116524,0.35220539828834757,0.26749760306807285,0.004314477468839885
96,12,1220,731,814,18,2783,0.6253203485392107,0.37467965146078935,0.2924901185770751,0.0064678404599353215
96,13,795,337,470,12,1614,0.7022968197879859,0.29770318021201414,0.29120198265179675,0.007434944237918215
96,14,640,1472,896,14,3022,0.30303030303030304,0.696969696969697,0.29649238914626075,0.004632693580410324
96,15,651,1210,921,18,2800,0.34981192907039227,0.6501880709296077,0.3289285714285714,0.0064285714285714285
96,16,576,766,572,15,1929,0.42921013412816694,0.5707898658718331,0.2965266977708657,0.007776049766718507
96,17,537,84,310,4,935,0.8647342995169082,0.13526570048309178,0.3315508021390374,0.0042780748663101605
96,18,571,135,344,4,1054,0.8087818696883853,0.19121813031161472,0.32637571157495254,0.003795066413662239
96,1920,1464,162,610,12,2248,0.9003690036900369,0.0996309963099631,0.2713523131672598,0.005338078291814947
96,21,780,248,413,5,1446,0.7587548638132295,0.24124513618677043,0.28561549100968187,0.003457814661134163
96,22,597,395,450,5,1447,0.6018145161290323,0.39818548387096775,0.31098825155494125,0.0034554250172771253
96,23,514,496,492,13,1515,0.5089108910891089,0.4910891089108911,0.32475247524752476,0.008580858085808581
96,24,336,1357,677,13,2383,0.1984642646190195,0.8015357353809806,0.28409567771716326,0.005455308434746118
96,2530,1100,918,768,3,2789,0.5450941526263627,0.45490584737363726,0.2753675152384367,0.0010756543564001434
96,26,807,550,609,7,1973,0.5946941783345615,0.4053058216654385,0.30866700456158136,0.0035478966041561076
96,27,741,224,326,2,1293,0.7678756476683938,0.23212435233160622,0.25212683681361175,0.0015467904098994587
96,28,850,1043,962,22,2877,0.44902271526677234,0.5509772847332277,0.3343760862009037,0.0076468543621828295
96,29,696,273,413,7,1389,0.718266253869969,0.28173374613003094,0.2973362131029518,0.005039596832253419
97,,0,0,1,0,1,0.5,0.5,1.0,0.0
97,101,89,342,188,2,621,0.20649651972157773,0.7935034802784223,0.3027375201288245,0.00322061191626409
97,102,226,711,457,4,1398,0.24119530416221985,0.7588046958377801,0.32689556509299,0.002861230329041488
97,103,35,304,149,2,490,0.10324483775811209,0.8967551622418879,0.3040816326530612,0.004081632653061225
97,104,175,869,486,4,1534,0.16762452107279693,0.8323754789272031,0.31681877444589307,0.002607561929595828
97,105,85,694,302,4,1085,0.10911424903722722,0.8908857509627728,0.2783410138248848,0.003686635944700461
97,106,121,498,218,1,838,0.19547657512116318,0.8045234248788369,0.26014319809069214,0.0011933174224343676
97,107,251,1586,676,16,2529,0.1366358192705498,0.8633641807294502,0.26729932779754845,0.006326611308817715
97,108,215,626,449,3,1293,0.2556480380499406,0.7443519619500595,0.34725444702242847,0.002320185614849188
97,109,140,436,193,3,772,0.24305555555555555,0.7569444444444444,0.25,0.0038860103626943004
97,111,199,969,575,6,1749,0.1703767123287671,0.8296232876712328,0.328759291023442,0.003430531732418525
97,112,216,1075,568,7,1866,0.16731216111541442,0.8326878388845856,0.30439442658092175,0.0037513397642015005
97,113A,244,1097,600,9,1950,0.1819537658463833,0.8180462341536167,0.3076923076923077,0.004615384615384616
97,114,62,402,193,6,663,0.1336206896551724,0.8663793103448276,0.2911010558069382,0.00904977375565611
97,115A,297,2059,928,12,3296,0.12606112054329371,0.8739388794567062,0.2815533980582524,0.0036407766990291263
97,117,136,667,283,7,1093,0.16936488169364883,0.8306351183063512,0.25892040256175664,0.006404391582799634
97,118,445,819,719,8,1991,0.35205696202531644,0.6479430379746836,0.3611250627825213,0.004018081366147665
97,119,385,2186,1119,12,3702,0.1497471800855698,0.8502528199144301,0.30226904376012964,0.0032414910858995136
97,120A,341,2184,1046,12,3583,0.13504950495049506,0.8649504950495049,0.29193413340775887,0.0033491487580240022
97,122,40,560,160,2,762,0.06666666666666667,0.9333333333333333,0.2099737532808399,0.0026246719160104987
97,123A,167,1258,561,6,1992,0.11719298245614035,0.8828070175438596,0.2816265060240964,0.0030120481927710845
97,125,76,467,195,5,743,0.13996316758747698,0.860036832412523,0.26244952893674295,0.006729475100942127
97,126,59,508,200,2,769,0.10405643738977072,0.8959435626102292,0.26007802340702213,0.002600780234070221
97,127,410,875,635,3,1923,0.31906614785992216,0.6809338521400778,0.33021320852834113,0.0015600624024961
97,128,329,1307,671,9,2316,0.2011002444987775,0.7988997555012225,0.28972366148531953,0.0038860103626943004
97,129,274,972,538,8,1792,0.21990369181380418,0.7800963081861958,0.3002232142857143,0.004464285714285714
98,,1,1,4,0,6,0.5,0.5,0.6666666666666666,0.0
98,PRBL,597,983,778,16,2374,0.3778481012658228,0.6221518987341772,0.32771693344566133,0.006739679865206402
98,PRCR,473,807,705,9,1994,0.36953125,0.63046875,0.35356068204613844,0.004513540621865597
98,PRGA,728,634,579,9,1950,0.5345080763582967,0.4654919236417034,0.2969230769230769,0.004615384615384616
98,PROL,911,1643,1395,15,3964,0.3566953797963978,0.6433046202036022,0.3519172552976791,0.0037840565085771947
98,PRSA,370,255,224,5,854,0.592,0.408,0.26229508196721313,0.00585480093676815
98,PRSP,500,796,650,7,1953,0.38580246913580246,0.6141975308641975,0.33282130056323606,0.0035842293906810036
98,PRST,491,334,359,8,1192,0.5951515151515151,0.40484848484848485,0.3011744966442953,0.006711409395973154
98,PRTA,2114,1793,1962,23,5892,0.5410801126183773,0.4589198873816227,0.3329938900203666,0.003903598099117447
98,PRTO,1194,1010,1021,15,3240,0.5417422867513612,0.45825771324863884,0.31512345679012344,0.004629629629629629
98,PRWA,405,80,267,2,754,0.8350515463917526,0.16494845360824742,0.3541114058355438,0.002652519893899204
98,PRWB,546,53,249,1,849,0.9115191986644408,0.08848080133555926,0.29328621908127206,0.001177856301531213
98,PRWC,862,103,257,2,1224,0.8932642487046633,0.10673575129533679,0.2099673202614379,0.0016339869281045752
98,PRWD,420,500,592,7,1519,0.45652173913043476,0.5434782608695652,0.3897300855826201,0.004608294930875576
98,PRWE,589,163,336,4,1092,0.7832446808510638,0.21675531914893617,0.3076923076923077,0.003663003663003663
98,PRWH,463,27,146,3,639,0.9448979591836735,0.05510204081632653,0.22848200312989045,0.004694835680751174
98,PRWI,810,222,378,4,1414,0.7848837209302325,0.21511627906976744,0.26732673267326734,0.002828854314002829
98,PRWJ,1617,692,977,25,3311,0.700303161541793,0.299696838458207,0.29507701600724856,0.007550588945937783
98,PRWK,470,401,465,6,1342,0.539609644087256,0.46039035591274396,0.3464977645305514,0.004470938897168405
98,PRWL,797,563,686,6,2052,0.5860294117647059,0.4139705882352941,0.33430799220272905,0.0029239766081871343
98,PRWM,1524,1018,1234,15,3791,0.5995279307631786,0.4004720692368214,0.3255077815879715,0.003956739646531258
98,PRWN,1336,77,386,7,1806,0.9455060155697098,0.05449398443029016,0.21373200442967885,0.003875968992248062
98,PRWP,487,474,455,5,1421,0.5067637877211238,0.49323621227887615,0.32019704433497537,0.003518648838845883
98,PRWQ,366,17,100,1,484,0.9556135770234987,0.044386422976501305,0.2066115702479339,0.002066115702479339
98,PRWR,798,99,283,6,1186,0.8896321070234113,0.11036789297658862,0.23861720067453626,0.00505902192242833
99,BNVL,267,1512,791,10,2580,0.15008431703204048,0.8499156829679595,0.3065891472868217,0.003875968992248062
99,DCRK,147,1011,584,11,1753,0.12694300518134716,0.8730569948186528,0.33314318311466057,0.006274957216200799
99,EBND,191,1240,608,12,2051,0.1334730957372467,0.8665269042627534,0.29644076060458313,0.005850804485616773
99,FBSH,278,1781,862,9,2930,0.13501699854298202,0.864983001457018,0.29419795221843004,0.0030716723549488053
99,NBCK,127,856,324,15,1322,0.12919633774160733,0.8708036622583927,0.24508320726172467,0.0113464447806354
99,NFAL,84,617,331,1,1033,0.11982881597717546,0.8801711840228246,0.3204259438528558,0.000968054211035818
99,NKNB,339,1376,829,14,2558,0.197667638483965,0.8023323615160349,0.32408131352619235,0.00547302580140735
99,NLIB,373,1879,1129,10,3391,0.16563055062166962,0.8343694493783304,0.33294013565319963,0.002948982601002654
99,SBCK,73,445,223,1,742,0.14092664092664092,0.859073359073359,0.3005390835579515,0.0013477088948787063
99,SFAL,134,1033,458,7,1632,0.11482433590402742,0.8851756640959726,0.2806372549019608,0.00428921568627451
99,SKNB,84,734,274,2,1094,0.10268948655256724,0.8973105134474327,0.25045703839122485,0.0018281535648994515
99,SLIB,155,1200,573,8,1936,0.11439114391143912,0.8856088560885609,0.2959710743801653,0.004132231404958678
